Year	Date	World	NARUTO	T9LM
0	01.01			
0	02.01			
0	03.01			
0	04.01			
0	05.01			
0	06.01			
0	07.01			
0	08.01			
0	09.01			
0	10.01			
0	11.01			
0	12.01			
0	13.01			
0	14.01			
0	15.01			
0	16.01			
0	17.01			
0	18.01		arc 01 [Prologue — Land of Waves] — Naruto paints the Hokage Monument; Iruka catches him and makes him clean it; Naruto declares that he will surpass every Hokage; Iruka treats him to ramen after Naruto performs the Transformation Technique. | A [еп. 1] — аніме розширює погоню за Наруто, його самотній побут і реакцію мешканців Конохи на витівку з монументом.	
0	19.01		arc 01 [Prologue — Land of Waves] — Naruto fails the Academy graduation exam because he cannot make a stable clone; Mizuki manipulates him into stealing the Scroll of Seals; Hiruzen orders the scroll recovered; Iruka finds Naruto and learns Mizuki set him up; Mizuki reveals the Nine-Tails is sealed in Naruto and attacks Iruka. | A [еп. 1] — випускний іспит, крадіжка Сувою Печатей і зрада Мідзукі екранізовані в межах першої серії.	
0	20.01		arc 01 [Prologue — Land of Waves] — Before dawn Iruka protects Naruto and acknowledges him as Naruto rather than the Nine-Tails; Naruto uses the Multiple Shadow Clone Technique learned from the scroll to defeat Mizuki; Iruka gives Naruto his own forehead protector and passes him. | A [еп. 1] — Ірука визнає Наруто, а той уперше масово застосовує Тіньових Клонів.	
0	21.01		arc 01 [Prologue — Land of Waves] — Naruto registers officially as a ninja; he meets Konohamaru, who challenges him; Naruto defeats Ebisu with the Harem Technique and teaches Konohamaru that becoming Hokage has no shortcut. | A [еп. 2] — знайомство Наруто з Конохамару та Ебісу.	
0	22.01		M [гл. 3] — перед розподілом команд однокласник штовхає Наруто, і той випадково цілує Саске; клас бурхливо реагує. • M [arc 01, Prologue — Land of Waves] — Graduation ceremony; Teams 7, 8, and 10 are formed; Naruto restrains Sasuke and impersonates him to approach Sakura; Sakura unknowingly insults Naruto to Sasuke; Kakashi meets Team 7, hears their introductions, and schedules the survival exercise. • A [еп. 3] — формування Команди 7; аніме раніше показує однокласників і майбутні Команди 8 та 10. • F [Shippūden еп. 179, 360–361; ретроспектива] — Хірузен доручає Команду 7 Какаші; вони відвідують помешкання Наруто й родини Саске та Сакури, Какаші дізнається про спорідненість Наруто з Мінато, спостерігає за новою трійцею з тіні й погоджується провести випробування.	arc 01 [Team Formation] — Iruka assigns Kita Hayashi, Ren Tetsu, and Sora Yamano to Team 9; Ren does not know Kita by name; Teams 7 and 9 are left waiting; Raido arrives late and first addresses the waiting group as Team 7, then identifies Team 9 and takes them to the dango shop; later Kita spends the evening alone at home and cries. G
0	23.01		arc 01 [Prologue — Land of Waves] — Kakashi administers the bell test; Naruto attacks openly and is caught by repeated traps; Sasuke briefly reaches a bell; Sakura is defeated by genjutsu; Kakashi ties Naruto to a post and forbids the others to feed him; Sasuke and Sakura share their food with Naruto, proving teamwork, so Kakashi passes them as Team 7. | A [еп. 4–5] — повна аніме-версія тесту з дзвіночками та першого уроку командної роботи. • F [Shippūden еп. 361; ретроспектива] — перед тестом Какаші згадує відхилені ним попередні команди, відвідує Меморіальний камінь і за порадою Тензо вирішує перевірити, чи здатні Наруто, Саске й Сакура поставити товаришів вище за наказ.	arc 02 [Field 8 Observation Test] — Raido assigns Team 9 to Training Field 8, already occupied by Kurenai and Team 8; Team 9 remains at the edge of the field, initially unsure of the situation; Sora begins observing Team 8 and Kita and Ren join in; after roughly an hour Sora throws a stone at the concealed Raido and exposes his position; Raido praises their observation and information-gathering.
0	24.01		O [OVA «Find the Four-Leaf Red Clover!»; після еп. 5] — Конохамару просить Наруто знайти в забороненій Акаґахарі багряний чотирилистий клевер, щоб загадати бажання й не розлучатися з Йошіно Каеде; після пасток старого полігону Саске й Сакура допомагають їм відбитися від маріонет, а Конохамару віддає клевер Каеде.	
0	25.01		F [Shippūden еп. 189; ретроспектива, реконструйоване раннє вікно] — Команда 7 виконує доручення Некоба: зібрати останній відбиток лапи для «Енциклопедії котячих лап»; Наруто, Сакура й Саске проникають у володіння велетенського кота Некомати та здобувають відбиток.	
0	26.01		F [Shippūden еп. 193; ретроспектива, реконструйоване раннє вікно] — молодий генін Наруто знаходить записку з ім’ям Кісуке, зустрічає його привида й допомагає викрити шпигуна, причетного до смерті Кісуке та зникнення відомостей із Конохи.	
0	27.01		F [Shippūden еп. 194; ретроспектива, реконструйоване раннє вікно] — під час повернення викраденого скарбу Наруто й Саске опиняються зв’язаними павутиною та змушені діяти як у «перегонах на трьох ногах», щоб урятувати полонену Сакуру.	
0	28.01		F [Shippūden еп. 195; ретроспектива, реконструйоване раннє вікно] — Команди 7 і 10 спільно визволяють заручника; колишній розбійник Тофу зраджує їх, Шікамару міняє себе на полоненого, а обидві команди перемагають банду завдяки взаємодії.	
0	29.01		F [Shippūden еп. 239; ретроспектива, реконструйоване раннє вікно] — Команда 10 рятує Косуке; ветеран упізнає в Іно, Шікамару й Чоджі наступне покоління зв’язки Іно–Шіка–Чо та згадує бойову злагодженість їхніх батьків.	
0	30.01			
0	31.01			
0	01.02		G/ALT [Naruto: Konoha Ninpōchō; реконструйоване вікно до місії Тадзуни] — Команда 7 починає серію створених для гри завдань у Конохі; ця гілка не замінює манґа-канон і розглядається як паралельна.	
0	02.02		G/ALT [Konoha Ninpōchō] — під час додаткових місій Мідзукі тікає з-під варти; Наруто, Саске й Сакура беруть участь у переслідуванні та зривають його новий задум.	
0	03.02		G/ALT [Konoha Ninpōchō] — Команда 7 проходить наступні самостійні ігрові місії, що розширюють проміжок між тестом Какаші та Країною Хвиль.	
0	04.02		G/ALT [Konoha Ninpōchō] — оригінальна ігрова гілка завершується поверненням команди до звичайних D-рангових завдань; точних канонічних дат гра не дає.	
0	05.02			
0	06.02			
0	07.02			
0	08.02			
0	09.02			
0	10.02			
0	11.02			
0	12.02			
0	13.02			
0	14.02			
0	15.02			
0	16.02			
0	17.02			
0	18.02			
0	19.02			
0	20.02			
0	21.02			
0	22.02			
0	23.02			
0	24.02			
0	25.02			
0	26.02			
0	27.02			
0	28.02			
0	01.03			
0	02.03			
0	03.03			
0	04.03			
0	05.03			
0	06.03			
0	07.03			
0	08.03			
0	09.03			
0	10.03			
0	11.03			
0	12.03			
0	13.03			
0	14.03			
0	15.03		M [гл. 9; реконструйований початок подорожі] — після серії D-рангів, зокрема прополювання поля, прибирання сміття з річки, вигулу собак і затримання кота Тори, Наруто вимагає складнішої роботи; Хірузен доручає Команді 7 супровід мостобудівника Тадзуни до Країни Хвиль; команда виходить із Конохи. • A [еп. 6] — аніме розширює побутові D-ранги й початок першої C-рангової місії. • N [Innocent Heart, Demonic Blood] — новелізація починає паралельний переказ місії Тадзуни; окремої другої місії не створює.	
0	16.03		M/A [реконструйований мінімальний час дороги] — на шляху до кордону Брати-Демони атакують Тадзуну; Какаші й Саске нейтралізують їх, а Наруто, принижений власним заціпенінням, проколює отруєну руку й клянеться більше не тікати; Тадзуна визнає, що через Ґато місія фактично значно небезпечніша за заявлений C-ранг, але команда продовжує шлях. • N [Innocent Heart, Demonic Blood] — новельна версія цієї частини місії.	
0	17.03		M/A [реконструйований мінімальний час дороги] — Команда 7 дістається узбережжя, пересідає до човна й під покровом туману та без мотора перетинає воду; Тадзуна пояснює владу Ґато над Країною Хвиль; група висаджується й продовжує шлях до його дому. • N [Innocent Heart, Demonic Blood] — новельна версія прибуття до Країни Хвиль.	
0	18.03		M [arc 01] — Забуза атакує; Какаші відкриває Шарінґан, але потрапляє у Водяну В’язницю; спільний трюк Наруто й Саске зі сюрикенами звільняє його; Какаші перемагає Забузу, та Хаку під виглядом мисливця-нін забирає непритомного напарника; після бою Какаші падає від виснаження. • A [еп. 7–9] — перший бій із Забузою. • N [Innocent Heart, Demonic Blood] — новельна версія бою.	
0	19.03			
0	20.03			
0	21.03			
0	22.03		M [arc 01, Prologue — Land of Waves] — Kakashi concludes Haku staged Zabuza's death and prepares Team 7 for a rematch; Tazuna explains Gato's rule and how Kaiza's execution broke Inari's courage; Naruto, Sasuke, and Sakura begin tree-climbing chakra-control training. • A [еп. 10–11] — відновлення Какаші, історія Кайзи й тренування ходіння по деревах. • N [Innocent Heart, Demonic Blood] — новельний переказ відновлення Какаші, історії Кайзи та початку тренування.	
0	23.03			
0	24.03			
0	25.03			
0	26.03			
0	27.03			
0	28.03		M [arc 01] — на шостий ранок тренування Наруто зустрічає Хаку, який збирає лікарські рослини; не впізнавши ворога, слухає його думку про силу заради дорогої людини. • A [еп. 11–12] — зустріч Наруто з Хаку. • N [Innocent Heart, Demonic Blood] — новельна версія розмови.	
0	29.03		M [arc 01] — Наруто й Саске завершують вправу з ходіння по деревах; Наруто непритомніє від перевтоми, а решта групи виходить із Тадзуною. • A [еп. 12] — завершення тренування. • N [Innocent Heart, Demonic Blood] — новельна версія підготовки до мосту.	
0	30.03		M [arc 01] — Забуза й Хаку атакують на мосту; Саске пробуджує Шарінґан і прикриває Наруто; Наруто вивільняє чакру Дев’ятихвостого; Хаку жертвує собою, Забуза вбиває Ґато й помирає поруч із Хаку; жителі проганяють найманців. • A [еп. 12–19] — розширена екранна версія битви. • N [Innocent Heart, Demonic Blood] — новельний переказ фінального бою та смерті Хаку й Забузи.	
0	31.03			
0	01.04			
0	02.04			
0	03.04			
0	04.04			
0	05.04			
0	06.04		M [arc 01] — міст завершено й названо Великим Мостом Наруто; Команда 7 прощається з родиною Тадзуни та повертається до Конохи. • A [еп. 19] — відкриття мосту й повернення. • N [Innocent Heart, Demonic Blood] — завершення новелізації місії; окремої паралельної події після цього не виникає. • F [Shippūden еп. 180; ретроспектива] — одразу після прощання Наруто повертається по забутий купон на рамен, Саске йде за ним; вони допомагають Інарі та дітям протистояти залишкам людей Ґато й беруть нападників у полон.	
0	07.04			
0	08.04		O/ALT [OVA «Naruto: The Cross Roads»; реконструйоване вікно після Країни Хвиль] — Команда 7 виконує окрему місію після повернення з Країни Хвиль; суперництво Наруто й Саске порушує злагодженість, але під керівництвом Какаші команда відновлює взаємодію та доводить завдання до кінця. Спецвипуск не має надійної точної дати.	
0	09.04		F [Shippūden еп. 181; ретроспектива, реконструйоване вікно між Країною Хвиль та іспитом] — Команда 7 супроводжує додому страуса Кондора; дорогою Наруто втручається у давню помсту Цукадо проти Катадзу й Каґекі та допомагає припинити ворожнечу, перш ніж групу атакує банда Канабун.	
0	10.04		F [Shippūden еп. 312; ретроспектива, реконструйоване вікно] — Наруто й Тентен супроводжують Лі до могили майстра Чена; Чен виявляється живим і випробовує Лі, а наполегливість учня приводить до створення власної відповіді на техніку «Дракон Конохи».	
0	11.04			
0	12.04			
0	13.04			
0	14.04			
0	15.04			
0	16.04			
0	17.04			
0	18.04			
0	19.04			
0	20.04			
0	21.04			
0	22.04			
0	23.04			
0	24.04			
0	25.04			
0	26.04			
0	27.04			
0	28.04			
0	29.04			
0	30.04			
0	01.05			
0	02.05			
0	03.05			
0	04.05			
0	05.05			
0	06.05			
0	07.05			
0	08.05			
0	09.05			
0	10.05			
0	11.05			
0	12.05			
0	13.05			
0	14.05			
0	15.05			
0	16.05			
0	17.05			
0	18.05			
0	19.05			
0	20.05			
0	21.05			
0	22.05			
0	23.05			
0	24.05			
0	25.05			
0	26.05			
0	27.05			
0	28.05			
0	29.05			
0	30.05			
0	31.05			
0	01.06			
0	02.06			
0	03.06			
0	04.06			
0	05.06			
0	06.06			
0	07.06			
0	08.06			
0	09.06			
0	10.06			
0	11.06			
0	12.06			
0	13.06			
0	14.06			
0	15.06			
0	16.06			
0	17.06			
0	18.06			
0	19.06			
0	20.06			
0	21.06			
0	22.06			
0	23.06			
0	24.06		arc 02 [Chunin Exams] — The Sand siblings and other foreign genin arrive in Konoha; Konohamaru's group collides with Kankuro, bringing Team 7 into contact with Temari and Gaara; Rock Lee challenges Sasuke and demonstrates superior taijutsu before Guy stops him; Hiruzen briefs the jonin about the Chunin Exams; Kakashi, Asuma, and Kurenai nominate Teams 7, 10, and 8 despite Iruka's objection; Kakashi privately confirms Team 7 will enter by its own choice. | A [еп. 20–23] — повернення Команди 7, висунення на іспит, знайомство з командами Суни, Звуку та іншими учасниками.	
0	25.06			
0	26.06			
0	27.06			
0	28.06			
0	29.06			
0	30.06		arc 02 [Chunin Exams] — By this date Orochimaru and the Sound Four have killed Rasa and his guards; Orochimaru assumes the Fourth Kazekage's identity to direct the Sand–Sound invasion plan. | A [еп. 67–68, ретроспектива] — підготовка змови Орочімару й убивство Четвертого Казекаґе показані пізніше як передумова вторгнення.	
0	01.07		M [arc 02, Chunin Exams] — Team 7 enters the exam building and reunites with Teams 8 and 10; Kabuto displays intelligence cards on rival candidates; the Sound team attacks Kabuto; Ibiki conducts the written test, which evaluates covert information gathering; Naruto refuses to quit when offered the tenth question and inspires the remaining candidates to stay, so 26 teams pass; Anko immediately moves them to the Forest of Death; at 14:32 the five-day scroll test begins; Orochimaru, disguised as Grass genin Shiore, separates Team 7 and attacks; Naruto uses Nine-Tails chakra against Orochimaru, who applies the Five Elements Seal; Sasuke overcomes his fear, binds Orochimaru with wire and uses Fire Release: Dragon Fire Technique before Orochimaru marks him with the Cursed Seal of Heaven; Anko identifies Orochimaru through the murdered Grass team and confronts him but cannot stop him; Gaara kills Team Shigure and his team reaches the tower in record time. • A [еп. 24–30] — письмове випробування, початок етапу в Лісі Смерті та напад Орочімару. • F [еп. 26, спеціальний репортаж] — Конохамару, Моегі й Удон готують репортаж про іспит; основа серії є рекапом і не створює окремої сюжетної доби.	
0	02.07		arc 02 [Chunin Exams] — Sakura guards the unconscious Naruto and Sasuke through the night; Team Dosu attacks at dawn; Rock Lee intervenes but is defeated by Dosu's sound attack; Sakura cuts her hair to escape Kin and fights despite her injuries; Team 10 joins the battle; Sasuke awakens under the curse mark, breaks Zaku's arms, and terrifies both allies and enemies until Sakura embraces him and suppresses the seal; Team Dosu leaves its scroll and retreats; Anko reports Orochimaru's infiltration to Hiruzen, who refuses to halt the exam. | A [еп. 31–36] — Сакура захищає непритомних товаришів; Лі та Команда 10 вступають у бій; Саске пробуджується з Проклятою Печаткою.	
0	03.07			
0	04.07			
0	05.07		M [arc 02] — Team 7 resumes its search for the missing scroll after three days of recovery. • M [пізніший флешбек, гл. 482] — відділений від товаришів Саске зустрічає Карін і рятує її від велетенського ведмедя; сцени немає в гл. 1–238, але за правилом реальної дати вона належить саме сюди. • A [еп. 37] — Команда 7 здобуває потрібний сувій і наближається до вежі. • A [Shippūden еп. 117; ретроспектива] — аніме показує спогад Карін про цю зустріч і порятунок Саске під час другого етапу іспиту.	
0	06.07		M [arc 02, Chunin Exams] — Kabuto joins Team 7 and guides them toward the tower; Team Oboro traps them in genjutsu and attacks with clones, but Naruto exhausts the real attackers with continuous shadow clones; Team 7 obtains the required scroll and reaches the tower before the deadline; Kabuto secretly rejoins his Sound teammates; seven teams pass, forcing immediate preliminaries. • M — Preliminary results: Sasuke defeats Yoroi; Shino defeats Zaku; Kankuro defeats Misumi; Sakura and Ino knock each other out; Temari defeats Tenten; Shikamaru defeats Kin; Naruto defeats Kiba; Neji critically injures Hinata; Gaara cripples Lee; Dosu defeats Choji. Kakashi seals Sasuke's curse mark and confronts Orochimaru; the finalists draw their matchups for 01.08; Kakashi assigns Ebisu to Naruto. Hayate later overhears Kabuto and Baki discussing the invasion and is killed by Baki. • A [еп. 37–51] — завершення Лісу Смерті та всі десять попередніх поєдинків.	
0	07.07		arc 02 [Chunin Exams] — Naruto begins training with Ebisu and practices water walking; Jiraiya knocks out Ebisu, removes Orochimaru's Five Elements Seal, and takes over Naruto's training; Naruto's chakra control returns; Jiraiya begins teaching him the Summoning Technique and intends to make him access the Nine-Tails' chakra; the other finalists begin separate preparation for the finals. | A [еп. 52–53] — початок місячної підготовки; Ебісу тренує Наруто, після чого з’являється Джирая. • F [Shippūden еп. 390; ретроспектива] — Ханабі відвідує поранену після бою з Неджі Хінату; на запитання, чому вона не здалася, Хіната пояснює власний шлях ніндзя.	
0	08.07			
0	09.07			
0	10.07			
0	11.07			
0	12.07			
0	13.07			
0	14.07			
0	15.07			
0	16.07			
0	17.07			
0	18.07			
0	19.07			
0	20.07			
0	21.07			
0	22.07		arc 02 [Chunin Exams] — Fifteen days into the training period, Kakashi begins intensive private training with Sasuke, developing his speed and teaching him Chidori; Naruto continues summoning practice with Jiraiya but can summon only tadpoles and small toads. | A [еп. 54–57] — тренування Наруто з призовом і робота Какаші із Саске.	
0	23.07			
0	24.07			
0	25.07			
0	26.07			
0	27.07		arc 02 [Chunin Exams] — Baki meets Orochimaru disguised as the Fourth Kazekage and confirms the final arrangements for the invasion; Naruto still cannot summon a combat-capable toad. | A [еп. 67–68] — змовники уточнюють план вторгнення Конохи.	
0	28.07		arc 02 [Chunin Exams] — Twenty-one days into training, Jiraiya throws Naruto into a ravine to force a life-or-death response; Naruto consciously meets Kurama for the first time, demands chakra as payment for their shared survival, and summons Gamabunta; Naruto remains on Gamabunta until the toad accepts him, then collapses. | A [еп. 56–58] — Джирая змушує Наруто звернутися до чакри Дев’ятихвостого й укласти контракт із Ґамабунтою.	
0	29.07			
0	30.07			
0	31.07		M [гл. 92–93; реконструйовано в останні дні підготовки] — Досу вистежує Ґаару на даху, плануючи усунути його перед фіналом, але Ґаара вбиває його; це не сталося в ніч одразу після попередніх боїв. • M [гл. 96–97] — уночі Ґаара приходить до лікарняної палати Лі, щоб убити його; Наруто й Шікамару стають на заваді, Ґаара розповідає про дитинство, Яшамару та походження знака «любов», а Ґай зупиняє сутичку. • M [arc 02] — Naruto wakes in Konoha Hospital after three days unconscious; he visits Lee, learns the damage may end Lee's ninja career, and heads out to prepare; Sasuke remains absent with Kakashi. • A [еп. 59–60] — завершення підготовки й прибуття учасників на фінали. • F [Shippūden еп. 170–171; ретроспектива] — Наруто, Сакура й Команда 10 проходять смугу пасток на полі Хонегамі в пошуках «спадщини Четвертого Хокаґе»; замаскований Ґай перевіряє їх, ніндзя Дощу нападають, Саске таємно допомагає, а сувій нагадує, що в шляху ніндзя немає коротких доріг.	
0	01.08		M [гл. 98] — дорогою на фінали Наруто зустрічає Хінату на тренувальному полі й зізнається, що боїться програти Неджі; вона називає його «гордим невдахою», який щоразу підводиться, і повертає йому впевненість. • M [arc 02, Chunin Exams] — Naruto defeats Neji after reopening his sealed chakra with Nine-Tails power and striking from underground; Neji learns the truth of his father's willing sacrifice; Shikamaru traps Temari but forfeits; Kakashi and Sasuke arrive late; Sasuke pierces Gaara's sand sphere with Chidori. • M [arc 03, Konoha Crush] — Kabuto casts a mass sleep genjutsu; Sand and Sound attack; Orochimaru traps Hiruzen and summons the First and Second Hokage; Hiruzen sacrifices himself to seal Orochimaru's arms; Sasuke pursues Gaara; Naruto summons Gamabunta, defeats Gaara and changes his outlook; the invasion fails. • A [еп. 61–79] — фінальні бої іспиту, вторгнення Суни й Звуку, смерть Хірузена та перемога Наруто над Ґаарою. • F [Shippūden еп. 192; ретроспектива] — під час вторгнення ворожі ніндзя викрадають Хінату; Неджі, Тентен, Кіба й Акамару переслідують їх, а Хіаші допомагає визволити доньку й відкриває Неджі правду про любов Хізаші. • F [Shippūden еп. 239; ретроспектива] — Іноїчі, Шікаку й Чодза діють як доросла трійця Іно–Шіка–Чо та рятують Косуке під час нападу. • F [Shippūden еп. 390; ретроспектива] — Ханабі разом із Хіаші дивиться фінал і бачить перемогу Наруто над Неджі.	
0	02.08		arc 03 [Konoha Crush] — Konoha treats the wounded, counts its dead, and begins rebuilding; the Fire Daimyo and village leadership hold an emergency meeting about Hiruzen's death and the vacant Hokage office; Jiraiya refuses the position and proposes Tsunade as Fifth Hokage. | A [еп. 79–80] — порятунок поранених, відступ нападників і початок відбудови.	
0	03.08		arc 03 [Konoha Crush] — Konoha holds Hiruzen's funeral; Iruka explains the Will of Fire to Konohamaru; the village continues reconstruction. • arc 04 [Search for Tsunade] — Jiraiya takes Naruto out of Konoha to find Tsunade and train him; Itachi and Kisame infiltrate Konoha seeking Naruto; Asuma and Kurenai engage them, Kakashi intervenes, and Itachi incapacitates Kakashi with Tsukuyomi before Guy drives the pair away; Sasuke learns Itachi is after Naruto and pursues them; Itachi and Kisame corner Naruto at an inn; Sasuke attacks Itachi with Chidori but is effortlessly defeated and forced to relive the Uchiha massacre through Tsukuyomi; Jiraiya traps the Akatsuki pair inside a toad's stomach, but Itachi escapes with Amaterasu; Sasuke and Kakashi are left comatose; Naruto and Jiraiya continue the search and reach Shukuba Town. | A [еп. 80–85] — похорон Третього Хокаґе, прибуття Ітачі й Кісаме, сутички з Асумою, Куренай, Какаші та Саске.	
0	04.08		F [Shippūden еп. 237; ретроспектива] — після іспиту Ґай підбадьорює Тентен, яка сумнівається у власних здібностях; вона відмовляється від наслідування Цунаде й утверджує власний шлях майстрині ніндзя-знарядь. • F [Shippūden еп. 390; ретроспектива, приблизне вікно] — Ханабі бачить, як Хіната після поразки продовжує тренуватися разом із Неджі, й помічає її нову впевненість.	
0	05.08			
0	06.08			
0	07.08			
0	08.08			
0	09.08			
0	10.08			
0	11.08			
0	12.08			
0	13.08			
0	14.08			
0	15.08			
0	16.08			
0	17.08			
0	18.08			
0	19.08			
0	20.08			
0	21.08			
0	22.08		arc 04 [Search for Tsunade] — While Jiraiya gathers information on Tsunade, Naruto completes the first Rasengan stage by bursting a water balloon through rotational chakra control; Jiraiya gives him a rubber ball for the harder power stage. | A [еп. 86–90] — Наруто проходить перші етапи формування Расенґана.	
0	23.08			
0	24.08		arc 04 [Search for Tsunade] — Jiraiya notes that three weeks have passed since the encounter with Itachi; Naruto continues the Rasengan power stage and learns to focus chakra through a marked point in his palm. | A [еп. 91] — пошуки Цунаде та початок останнього етапу тренування.	
0	25.08		arc 04 [Search for Tsunade] — Orochimaru and Kabuto reach Tanzaku Town and find Tsunade; Orochimaru offers to resurrect Nawaki and Dan if she heals his sealed arms, giving her one week to decide; Naruto completes the second Rasengan stage by bursting the rubber ball; Naruto and Jiraiya locate Tsunade; Jiraiya offers her the Fifth Hokage position, which she rejects while insulting the Hokage title; Naruto attacks her with an incomplete Rasengan; Tsunade stops him with one finger and wagers her First Hokage necklace that he cannot master Rasengan within one week. | A [еп. 92–93] — Орочімару пропонує воскресити Нава́кі й Дана в обмін на зцілення рук; Цунаде вагається.	
0	26.08		arc 04 [Search for Tsunade] — Naruto begins the final Rasengan stage, trying to combine rotation, power, and containment; Tsunade weighs Orochimaru's offer; Shizune explains to Naruto how Tsunade lost Nawaki and Dan and developed her fear of blood. | A [еп. 94] — Наруто намагається поєднати обертання, силу й утримання чакри в завершений Расенґан.	
0	27.08			
0	28.08			
0	29.08			
0	30.08			
0	31.08		arc 04 [Search for Tsunade] — On the final night of the wager Naruto appears unable to complete Rasengan; Tsunade drugs Jiraiya to prevent interference and leaves to meet Orochimaru; Shizune reveals the deal and leads Jiraiya and Naruto after her. | A [еп. 94–95] — спливає строк парі Наруто й Цунаде; сторони готуються до зустрічі з Орочімару.	
0	01.09		arc 04 [Search for Tsunade] — Tsunade pretends to accept Orochimaru's terms but attempts to kill him instead of healing him; Kabuto exposes the deception and exploits her fear of blood; Shizune, Jiraiya, and Naruto arrive; Kabuto defeats Shizune and fights Tsunade; Naruto protects Tsunade, traps Kabuto's hand with a shadow clone, and completes Rasengan by using a clone to stabilize it, critically striking Kabuto; Tsunade overcomes her fear, activates Creation Rebirth, and protects Naruto; Jiraiya, Tsunade, and Orochimaru summon Gamabunta, Katsuyu, and Manda in the Sannin deadlock; Tsunade defeats Orochimaru, who retreats with Kabuto; Tsunade gives Naruto the First Hokage's necklace, acknowledges him as a future Hokage, and accepts the office of Fifth Hokage. | A [еп. 95–98] — бій трьох саннінів, перший успішний Расенґан Наруто й рішення Цунаде стати П’ятою Хокаґе.	
0	02.09		M [arc 04, Search for Tsunade] — Naruto recovers after Tsunade repairs Kabuto's damage; Tsunade, Shizune, Jiraiya, and Naruto return to Konoha; Tsunade assumes office as Fifth Hokage, heals Kakashi and Sasuke from Tsukuyomi, examines Lee's injuries, and warns that surgery has only a fifty-percent chance of success; Shikamaru is promoted to chunin. • A [еп. 98–100] — повернення до Конохи, лікування Какаші й Саске, діагноз Лі та вступ Цунаде на посаду. • F [еп. 97] — дорогою до Конохи група зупиняється біля гарячих джерел; кредитори викрадають Наруто через борги Цунаде, але план провалюється. • F [еп. 99] — Конохамару не приймає заміну діда, барикадує кабінет Хокаґе й намагається зірвати вступ Цунаде на посаду; Наруто допомагає йому прийняти втрату та зміни.	
0	03.09		F [еп. 101] — Наруто, Саске й Сакура намагаються побачити обличчя Какаші під маскою; стежать за ним, влаштовують пастки й зривають його зустріч із трійцею Моя, але Какаші весь день переграє команду та показує під першою маскою другу. • F/ALT [Shippūden еп. 469; суперечлива ретроспектива] — Команди 7, 8, 10 і Ґая за допомогою фотографа Скеа знову полюють за обличчям Какаші, проникають до сховища секретних документів і пробують інсценувати порятунок; Скеа насправді є замаскованим Какаші. Присутність Хірузена й згадка попередньої спроби несумісні в одній безперервності, тому подію позначено ALT.	
0	04.09		F [еп. 102–103, місія супроводу в Країні Чаю] — Ібікі Моріно доручає Команді 7 охороняти Ідате Моріно під час перегонів Тодарокі; Аої отруює Ідате й кидає Наруто в море. • O [OVA «Mission: Protect the Waterfall Village!»; між еп. 101 і 102] — Команда 7 отримує C-ранговий супровід Шібукі до Такіґакуре; після прибуття з’ясовується, що нукеніни на чолі із Суїєном готують напад заради Води Героїв. • N/ALT [новела «Mission: Protect the Waterfall Village!»] — починається окрема прозова версія тієї самої місії; її відмінні сцени не змішуються з OVA.	
0	05.09		F [еп. 103–104] — команда рятує Ідате, дістається острова Нагі й дізнається про зраду Аої та викрадення Меча Бога Грому. • O [Waterfall Village] — нападники захоплюють мешканців; Шібукі паралізує страх, а Суїєн прагне випити Воду Героїв, що різко підсилює чакру ціною життєвої сили. • N/ALT [Waterfall Village, новела] — паралельна версія облоги з іншим набором і послідовністю сцен.	
0	06.09		F [еп. 104–105] — Саске затримує Аої, а Наруто пошкоджує Меч Бога Грому Расенґаном. • O [Waterfall Village] — Наруто й Саске чинять опір Суїєну; приклад Наруто повертає Шібукі мужність, і той очолює захист села; напад відбито, а Воду Героїв не віддають загарбникам. • N/ALT [Waterfall Village, новела] — завершується відмінна новельна розв’язка; це не друга канонічна місія.	
0	07.09		F [еп. 105–106] — Наруто остаточно ламає Меч Бога Грому й перемагає Аої; Ідате долає останній відрізок маршруту, першим прибуває до святині Модорокі та приносить перемогу Васабі; бос Джірочо припиняє ворожнечу, а Ідате відновлює віру в шинобі та примиряється з Ібікі.	
0	08.09		F [еп. 106, завершення] — Команда 7 завершує місію в Країні Чаю й повертається до Конохи; пережите посилює суперництво Саске з Наруто перед їхньою сутичкою на даху лікарні.	
0	09.09		O/ALT [OVA «Hidden Leaf Village Grand Sports Festival!»] — команди Конохи змагаються за тиждень відпочинку від місій, а Наруто весь турнір безуспішно намагається дістатися туалету; поява загиблих і ворожих персонажів робить спецвипуск свідомо геговою позаконтинуальною версією. • G/ALT [Naruto: Ultimate Ninja 2] — після подій пошуку Цунаде починається ігрова гілка про спеціальну печать Орочімару та нову загрозу Конохі.	
0	10.09		O/ALT [OVA «Naruto, the Genie, and the Three Wishes, Believe It!»] — до втечі Саске Наруто та інші геніни змагаються за пляшку з джином і три бажання; короткий геговий сюжет має суперечливі появи персонажів і не зводиться з основною лінією буквально. • G/ALT [Ultimate Ninja 2] — Орочімару й Кабуто використовують створену для гри печать, провокуючи серію боїв із союзниками та колишніми ворогами.	
0	11.09		G/ALT [Ultimate Ninja 2] — Наруто та союзники зривають ігровий план Орочімару; оригінальна арка завершується без наслідків для манґа-канону.	
0	12.09		O/ALT [OVA «Finally a Clash! Jōnin vs. Genin!!»] — Цунаде проводить турнір: кожен учасник має кристал і вибуває, якщо його кристал забрали; Наруто прагне перемогти Саске й Какаші. Присутність давно загиблих персонажів виключає буквальне місце в каноні. • G/ALT [Naruto: Ultimate Ninja 3] — ігрова версія розширює цей турнір; це та сама альтернативна подія, а не ще один окремий турнір.	
0	13.09		F [Shippūden еп. 182; ретроспектива, реконструйоване післявоєнне вікно] — Команда 7 та Ґаара з двома шинобі Суни спільно захищають поселення від розбійників; змовники Суни намагаються усунути Ґаару як джінчюрікі, а Наруто вперше безпосередньо допомагає йому як союзникові.	
0	14.09		F [Shippūden еп. 183; ретроспектива] — у перші тижні правління Цунаде Наруто повертається з місії з підозрою на заразний «вірус чакри»; Шідзуне та друзі ловлять його після втечі до палати Саске, але тривога виявляється реакцією на перець і алергію Сакури.	
0	15.09		F [Shippūden еп. 186; ретроспектива] — до операції Лі Наруто, Сакура й Іно шукають особливу квітку для ліків Ґая; рослина породжує двійника супротивника у вигляді Ґаари, якого вони мусять здолати.	
0	16.09		F [Shippūden еп. 184; ретроспектива] — поки Лі госпіталізований, Ґай приєднує Наруто до Команди Ґая й призначає Тентен капітанкою місії до лабораторії ніндзя-знарядь; вони повертають викрадені прототипи Ґамеру й Кусуне.	
0	17.09		F [Shippūden еп. 190; ретроспектива, початок кількаденного патрулювання] — після вторгнення Наруто разом із двома джонінами та «вічним геніном» Косуке патрулює ослаблений кордон Країни Вогню; досвід Косуке, отриманий від Другого й Третього Хокаґе, допомагає виявити проникнення ворога.	
0	18.09		F [Shippūden еп. 190; ретроспектива, завершення патрулювання] — загін відбиває напад; Косуке бачить у Наруто риси Мінато й визнає його рішучість. • F [Shippūden еп. 191; ретроспектива, реконструйоване вікно] — Команда 7 бере участь у затриманні Ханаре з Прихованого Замка; після допиту й обміну полоненими Какаші наздоганяє її, але дозволяє піти.	
0	19.09		F [Shippūden еп. 306; ретроспектива] — через перенапруження Б’якуґана Хіната тимчасово втрачає зір; Наруто, Сакура й Неджі шукають траву «Ясне око» в Долині Суду, потрапляють у пастку безликих істот, а Какаші й Ґай їх рятують; Хіната дивиться запланований феєрверк із дому.	
0	20.09		F [Shippūden еп. 309; ретроспектива, початок A-рангової місії] — Цунаде посилає Наруто й Команду 10 викрасти спадкоємця Шю за таємною угодою; Чоджі проходить кулінарне змагання, Іно контролює Шю, Наруто видає себе за нього, а команда Асуми вивозить справжнього спадкоємця.	
0	21.09		F [Shippūden еп. 310; ретроспектива, завершення A-рангової місії] — маскування Наруто викривають Татевакі й Чійо; напад Сасорі та Дейдари руйнує замок, Татевакі помирає від отрути, але Шю доставлено за призначенням, а Ямато спостерігає за успішним завершенням місії. • F [Shippūden еп. 196; ретроспектива] — під час розшуку злочинців Саске рятує Нахо й товаришів, але через заздрість до зростання Наруто надмірно жорстоко б’є ватажка; його поведінка показує остаточне загострення кризи перед втечею.	
0	22.09		M [гл. 172] — прокинувшись після Цукуйомі, Саске бачить Сакуру біля ліжка, згадує безсилля перед Ітачі й у нападі люті вибиває з її рук тарілку з яблуками. • M [arc 05, Sasuke Recovery] — Sasuke, humiliated by Itachi and disturbed by Naruto's rapid growth, challenges Naruto on the hospital roof; Kakashi diverts Chidori and Rasengan; the Sound Four defeat Sasuke and invite him to Orochimaru; that night Sasuke decides to defect; Sakura intercepts him, confesses her love, but Sasuke thanks her, knocks her unconscious, and leaves Konoha. • A [еп. 107–109] — бій на даху, пропозиція Четвірки Звуку та втеча Саске.	
0	23.09		M [гл. 180] — Ґай переконує Лі погодитися на операцію з 50-відсотковим шансом на виживання й обіцяє померти разом із ним, якщо учень не переживе операцію. • M [arc 05, Sasuke Recovery] — Sakura reports Sasuke's defection; Tsunade orders Shikamaru to assemble a retrieval team; he recruits Naruto, Choji, Neji, and Kiba; Naruto promises Sakura to bring Sasuke back; Tsunade operates on Lee; the squad pursues the Sound Four; Choji defeats Jirobo and Neji defeats Kidomaru, обидва лишаються критично пораненими. • A [еп. 110–117] — формування загону, переслідування та перші два бої.	
0	24.09		arc 05 [Sasuke Recovery] — The remaining squad catches Tayuya, Sakon, and Ukon; Kiba and Akamaru fall into a ravine with Sakon and Ukon and fight them separately; Shikamaru traps Tayuya but her flute genjutsu and second state reverse the battle; Kimimaro takes the coffin, releases Sasuke, and holds off Naruto; Orochimaru can wait no longer and transfers into Genyumaru's body; Lee leaves the hospital after surgery and replaces Naruto against Kimimaro, accidentally using Drunken Fist; Sasuke continues alone while Naruto pursues him; Sand reinforcements arrive under the renewed Konoha–Suna alliance: Kankuro kills Sakon and Ukon, Temari kills Tayuya, and Gaara protects Lee from Kimimaro; Kimimaro survives Gaara's strongest attacks but dies from illness moments before landing a fatal blow; Naruto catches Sasuke at the Valley of the End; Sasuke rejects returning and explains that killing his closest friend could awaken Mangekyo Sharingan; Naruto fights to preserve their bond; Sasuke evolves his Sharingan and enters curse-mark state two, while Naruto releases a one-tailed Nine-Tails cloak; Chidori and Rasengan clash; Sasuke wins but refuses to gain power exactly as Itachi ordered, spares Naruto, and continues to Orochimaru. | A [еп. 118–134] — бої Кіби, Шікамару й Лі, прибуття шинобі Суни та вирішальна сутичка Наруто із Саске в Долині Завершення.	
0	25.09		arc 05 [Sasuke Recovery] — Kakashi and Pakkun reach the Valley of the End too late, find the unconscious Naruto, and carry him back; medical teams recover Choji and Neji and treat the squad; Lee's operation succeeds; Naruto wakes in the hospital and admits the promise to Sakura was not fulfilled; Sakura rejects his apology and vows they will bring Sasuke back together; Jiraiya explains that Orochimaru cannot take another body for roughly three years and offers Naruto long-term training; Naruto refuses to abandon Sasuke, and Jiraiya accepts that resolve; Sakura asks Tsunade to train her as a medical ninja. | A [еп. 135] — провал місії повернення, лікування загону, обіцянка Наруто Сакурі й рішення готуватися до нового пошуку.	
0	26.09		F [еп. 136, розслідування в Країні Рисових Полів] — Наруто відмовляється чекати три роки й намагається сам вирушити по Саске; Джирая отримує завдання розвідати володіння Орочімару, а Сакура домагається участі, сподіваючись знайти слід Саске; разом вони прямують до Країни Рисових Полів.	
0	27.09		F [еп. 137–138] — група потрапляє в місто беззаконня й зустрічає Сасаме з клану Фума, яка шукає двоюрідного брата Араші; залишки клану служать Орочімару в надії повернути колишню силу; після нападу Камікірі, Джігумо й Кагеро Сасаме спершу зраджує мандрівників, але відмовляється від угоди, коли бачить справжню ціну служби Орочімару.	
0	28.09		F [еп. 139–140] — Джирая, Наруто, Сакура й Сасаме проникають у покинуту резиденцію Орочімару; Кабуто заманює їх у пастки й використовує Араші, зрощеного з тілами Камікірі та Джігумо, як живу зброю; Сакура опиняється всередині чакрової пастки, а Наруто намагається пробитися до збереженої свідомості Араші.	
0	29.09		F [еп. 140–141] — Араші на мить повертає контроль і допомагає зруйнувати створене Орочімару тіло; Сасаме прощається з ним, лігво руйнується, а доказів перебування Саске не знаходять; після повернення Сакура просить Цунаде зробити її ученицею, щоб наступного разу не бути безсилою.	
0	30.09		F [Shippūden еп. 236; ретроспектива, після провалу повернення Саске] — Команда 8 не затримує злодія-втікача з Таки; Шіно сумнівається у своїй користі в ближньому бою, але під час поїздки з Кібою та Хінатою визволяє друзів із полону й сам перемагає злочинця.	
0	01.10		F [еп. 142, переслідування Мідзукі] — Мідзукі організовує втечу з в’язниці суворого режиму разом із братами Фуджіном і Райджіном; Цунаде піднімає тривогу, Ірука й Наруто починають переслідування, а наречена Мідзукі Цубакі погоджується допомогти зупинити його.	
0	02.10		F [еп. 143–144] — Тонтон веде Наруто до втікачів; Фуджін і Райджін перемагають переслідувачів грубою силою, тому Цунаде формує нові групи: Наруто діє з Ірукою й Паккуном, а Іно, Шікамару та Чоджі стримують братів; з’ясовується, що Мідзукі шукає компоненти формули Орочімару.	
0	03.10		F [еп. 145–146] — Іно–Шіка–Чо використовують їжу, тіньове зв’язування й техніку перенесення свідомості, щоб нейтралізувати Фуджіна та Райджіна; Мідзукі завершує препарат, перетворюється на тигроподібного воїна й намагається довести свою перевагу над Ірукою.	
0	04.10		F [еп. 146–147] — Наруто й Ірука разом перемагають Мідзукі; нестабільна формула руйнує його чакрову систему й позбавляє сили; Цубакі вирішує чекати на його виправлення, утікачів повертають під варту, а Наруто підтверджує, що Ірука лишається його найближчим наставником.	
0	05.10		F [Shippūden еп. 185; ретроспектива, реконструйоване післяопераційне вікно] — Кондор згадує, як Наруто, Лі, Шіно, Котецу та Ідзумо на «Нульовій ділянці» Лісу Смерті ловили чотирьох ніндзя-тварин, серед них хижі рослини й боксерського кенгуру.	
0	06.10		F [еп. 148, пошук бікоочу] — Наруто дізнається про рідкісного жука бікоочу, личинка якого запам’ятовує перший запах після вилуплення; Цунаде дозволяє йому приєднатися до Команди 8, щоб використати запах Саске для пошуку; Наруто, Хіната, Кіба, Акамару й Шіно вирушають у ліс.	
0	07.10		F [еп. 149–150] — Команда шукає кладку бікоочу й стикається з кланом Камізуру з Іваґакуре, який також полює на жука, щоб відновити репутацію клану; Хіната потай відточує Захисні Вісім Триграм Шістдесят Чотири Долоні; вороги викрадають її та намагаються виміняти на кладку.	
0	08.10		F [еп. 150–151] — Хіната самостійно виривається з бджолиної пастки й новою технікою захищає товаришів; Команда 8 перемагає Камізуру й зберігає бікоочу, але в момент вилуплення Наруто випадково перебиває запах Саске власним газом, тому місія з пошуку сліду завершується невдачею.	
0	09.10			
0	10.10		F [еп. 152, усунення родини Куросукі] — Наруто приєднується до Лі, Неджи й Тентен у місії до шахтарського селища Катабамі; Карáші повідомляє, що людей тероризує колишній Мечник Туману Райґа Куросукі, який влаштовує живим показові похорони.	
0	11.10		F [еп. 153–154] — команда входить у селище, але Карáші зраджує її зі страху перед Райґою; сліпий Ранмару бачить чакру й крізь перешкоди, нівелюючи перевагу Б’якуґана Неджи, та спрямовує блискавичні атаки Райґи; Лі захищає Карáші й переконує його перестати тікати від відповідальності.	
0	12.10		F [еп. 155] — Наруто й команда скидають Райґу зі скелі та знаходять Ранмару; хлопець оживляє Райґу власною чакрою. • G/ALT [Naruto: Uzumaki Chronicles; приблизне пост-сасківське вікно] — через нестачу старших шинобі Наруто виконує ланцюг надто складних місій і виявляє нову схему Орочімару; японська й міжнародна версії сюжету істотно різняться.	
0	13.10		F [еп. 156] — Ранмару відмовляється підтримувати вбивства й намагається зупинити Райґу; Карáші несе Карі Життя виснаженим Лі та Наруто. • G/ALT [Uzumaki Chronicles] — Наруто збирає союзників і проходить створені для гри бої проти сил Орочімару; склад учасників залежить від регіональної версії гри.	
0	14.10		F [еп. 157] — команда перемагає людей Куросукі, а Райґа гине від власної блискавки; Ранмару починає нове життя. • G/ALT [Uzumaki Chronicles] — Наруто зриває фінальний план Орочімару; гілка закінчується без канонічних наслідків і лишається паралельною.	
0	15.10		F [еп. 158] — Наруто призначають керівником польового випробування для Конохамару, Моегі й Удона; він спершу поводиться як самовпевнений командир, але під час виживання в горах бере відповідальність за дітей, навчає їх співпраці й безпечно повертає до Конохи.	
0	16.10			
0	17.10		F [еп. 159, захоплення Ґосункуґі] — Наруто, Кіба й Хіната отримують завдання спіймати злодія Ґосункуґі та зустрічають мисливця за головами Садзанамі; він допомагає в пошуках, приховуючи, що насправді є Токічі — колишнім шинобі, якого помилково звинуватили у вбивстві родини.	
0	18.10		F [еп. 160] — Ґосункуґі заманює команду до храму О.К. і намагається забрати нагороду за Садзанамі; Наруто, Кіба й Хіната викривають справжнього вбивцю та перемагають його людей; Садзанамі очищує ім’я, але віддає затримання офіційній команді Конохи.	
0	19.10		F [еп. 161] — Мондáй і Потчá маскуються під Майто Ґая та Рока Лі, щоб викрасти секрети Конохи; усі, крім Наруто, відразу бачать підміну й завантажують шахраїв принизливою роботою; справжні Ґай і Лі повертаються та одним ударом проганяють самозванців.	
0	20.10		F [еп. 162, винищення Проклятого Воїна] — Наруто, Неджи й Тентен прибувають до Країни Птахів розслідувати появу білого «Проклятого Воїна». • G/ALT [Naruto: Path of the Ninja 2; після втечі Саске] — Наруто та союзники починають пошук П’яти Дзеркал, пов’язаних із печаттю Духовного Звіра.	
0	21.10		F [еп. 163–164] — Неджи встановлює, що примара є виставою з нитками й прихованими маршрутами; Наруто дізнається, що під ім’ям загиблого Саґі править його сестра Токі. • G/ALT [Path of the Ninja 2] — різні групи борються за Дзеркала; зібрані артефакти послаблюють печать велетенського намадзу, що містить накопичені людські злі помисли.	
0	22.10		F [еп. 165] — люди Мосо заманюють Наруто в пастку; Токі йде мститися, а Наруто повертається, щоб зупинити вбивства. • G/ALT [Path of the Ninja 2] — команда перемагає Духовного Звіра й відновлює печать; оригінальна ігрова історія не має наслідків у серіалі.	
0	23.10		F [еп. 166–167] — Мосо виявляється Хокі, ватажком мандрівних шинобі Ватарі, який убив Саґі й маніпулював Токі та Комеєм; Наруто, Неджи, Тентен і Какаші розбивають його людей, Наруто перемагає Хокі, Комея звільняють, а Токі відмовляється від помсти й відкрито стає даймьо Країни Птахів.	
0	24.10		F [еп. 168] — ніндзя-кухарі викрадають Аяме й вимагають секретний рецепт Ічіраку; Наруто, Сакура й Чоджі допомагають Теучі приготувати нову локшину, використовуючи техніки шинобі для замішування та нарізання; команда рятує Аяме, а суперники визнають поразку.	
0	25.10			
0	26.10		F [еп. 169, захоплення кайми] — Анко очолює Наруто, Іно й Шіно в Країну Моря, де морське чудовисько топить вантажні судна; повернення на острови пробуджує в Анко уривки пам’яті про її навчання в Орочімару та покинуту лабораторію.	
0	27.10		F [еп. 170] — команда охороняє Аматсу й стикається з каймою Ісарібі, дівчиною, яку досліди Амачі перетворили на водяну істоту; Анко знаходить лабораторію й пригадує, що Орочімару залишив її після невдалого випробування Проклятої Печатки, а не тому, що вона добровільно його покинула.	
0	28.10		F [еп. 171–172] — Амачі, Місумі й Йорої заманюють команду в морську фортецю та розкривають план створення підводних шинобі; Ісарібі розривається між обіцянкою повернути людське тіло й співчуттям до полонених; Наруто переконує її, що Амачі лише використовує її.	
0	29.10		F [еп. 172–173] — Амачі сам перетворюється на морське чудовисько й намагається знищити флот Країни Моря; Наруто вивільняє чакру Дев’ятихвостого та перемагає його, Іно й Шіно руйнують установку, Анко приймає правду про своє минуле, а Ісарібі їде до Конохи на лікування.	
0	30.10		F [еп. 174] — Наруто охороняє Куніхісу, розпещеного сина заможного ювеліра, який намагається купувати людей і перемоги; після справжнього викрадення Наруто рятує хлопця й змушує його зрозуміти, що довіра та дружба не мають грошової ціни.	
0	31.10		F [еп. 175, пошук закопаного золота] — Цунаде погрожує повернути Наруто, Кібу й Хінату до Академії через погану командну роботу та посилає шукати скарб; трійця Кедоїн викрадає їхні обличчя й голоси, плануючи під виглядом генінів проникнути до Конохи.	
0	01.11		F [еп. 176] — команда викриває підміну й перемагає Кедоїн. • G/ALT [Naruto: Uzumaki Chronicles 2] — Коноху й Суну атакують ожилі маріонетки клану Шіроґане; Наруто отримує від Канкуро відомості про викрадені Сфери Духу.	
0	02.11		F [еп. 177] — Наруто випадково підміняє кур’єра й доставляє важливий пакунок. • G/ALT [Uzumaki Chronicles 2] — Наруто, Сакура, Шікамару, Канкуро та інші відбивають атаки маріонеток і повертають Сфери, потрібні Шіроґане для обряду відродження Майстра Маріонеток.	
0	03.11		F [еп. 178, охорона Зірки] — Наруто, Неджи, Лі й Тентен прибувають до Хошіґакуре охороняти метеорит. • G/ALT [Uzumaki Chronicles 2] — Шіроґане завершують обряд, але Наруто й союзники руйнують живу бойову маріонетку та припиняють напад клану.	
0	04.11		F [еп. 179–180] — викрадачкою виявляється Нацухі, мати Сумару, яка намагається припинити небезпечні тренування: випромінювання метеорита калічить і вбиває дітей; Акагоші приховує наслідки, прагнучи домогтися офіційного визнання селища, і наказує повернути Зірку будь-якою ціною.	
0	05.11		F [еп. 181–182] — з’ясовується, що Акагоші вбив Третього Хошікаґе, коли той заборонив тренування; Нацухі захищає сина й отримує смертельне поранення, а Акагоші вбудовує Зірку у власне тіло, посилюючи Павичеву Техніку та намагаючись зламати опір селища.	
0	06.11		F [еп. 183] — Наруто використовує чакру Дев’ятихвостого й Расенґан, перемагає Акагоші та руйнує його чакрову форму; Нацухі помирає після прощання із Сумару, метеорит знищують, небезпечні тренування припиняють, а Сумару обіцяє колись очолити селище без сили Зірки.	
0	07.11		F [еп. 184] — після зараження особливою бактерією Акамару стає великим, агресивним і небезпечним; Кібі наказують у разі потреби вбити напарника, але Наруто, Хана й Кіба стримують пса достатньо довго, щоб застосувати протиотруту й урятувати його.	
0	08.11		F [еп. 185] — дитинча онба чіпляється до спини Наруто й швидко виростає, через що він не може нормально тренуватися чи виконувати справи; Наруто захищає істоту від мисливців, після чого доросла онба забирає маля, підтверджуючи стару історію Цунаде та Джираї.	
0	09.11		F [еп. 186] — Наруто й Шіно супроводжують Футу Каґецу на похорон, де той за умовою спадку не повинен засміятися; Шіно випадково отримує отруту сміху й ледве стримується, Наруто відбиває спроби родичів зірвати церемонію, а «померлий» батько викриває перевірку характеру спадкоємців.	
0	10.11		F [еп. 187, супровід торговців] — Наруто, Хіната й Чоджі супроводжують караван у Країну Овочів. • G/ALT [Ultimate Ninja Heroes 2: The Phantom Fortress] — над Конохою з’являється примарний замок Муґенджо; Наруто входить усередину й починає підйом через поверхи, створені гендзюцу та спогадами.	
0	11.11		F [еп. 188–189] — переслідувачі атакують караван; Чоджі перемагає Руйґу. • G/ALT [The Phantom Fortress] — Наруто збирає чотирьох бійців і проходить випробування замку, тоді як паралельна прихована гілка показує розслідування Джираї.	
0	12.11		F [еп. 189–190] — Хіната перемагає Джіґу; Харуна починає змінювати ставлення до підданих. • G/ALT [The Phantom Fortress] — джерело ілюзій Муґенджо знешкоджене, замок зникає; подія лишається окремою ігровою безперервністю.	
0	13.11		F [еп. 190–191] — Ренґа використовує кристалічну броню та вологу повітря, але Наруто з союзниками руйнує його захист і звільняє столицю; Харуна повертається на престол, відмовляється від політики жертовності й обіцяє правити разом із людьми.	
0	14.11		F [еп. 192] — Іно підміняє принцесу Фуку під час зустрічі з нареченим Чікарою, бо портрет приховав її справжню зовнішність; втручання Наруто руйнує маскування, але Чікара приймає справжню Фуку, а місія завершується без політичного скандалу.	
0	15.11		F [еп. 193] — Ґай відкриває доджьо й чекає на гідного суперника; Лі намагається підтримати наставника, серія маскувань і непорозумінь приводить до сутички з людиною, що прагне помсти Ґаю, але наставник і учень зберігають доджьо та примиряються.	
0	16.11		F [еп. 194] — Наруто, Кіба й Хіната розслідують зникнення людей у «проклятому» замку; будівля виявляється частиною гігантської істоти-хамелеона, що маскується під споруду й ковтає подорожніх; команда знаходить вихід і звільняє полонених.	
0	17.11		F [еп. 195, Третій Великий Звір] — Яґура проситься в учні до Ґая, але виявляється маріонеткою братів Рюдоїн, які хочуть помститися за батька Аґіру; вони заманюють Ґая й Лі до тренувальної зали з дерев’яними бойовими ляльками.	
0	18.11		F [еп. 196] — Наруто, Неджи й Тентен допомагають знищити ляльок і звільнити Ґая; брати дізнаються, що Ґай не вбивав Аґіру — той помер, виснаживши себе тренуваннями після чесної поразки; помста припиняється, а Лі підтверджує відданість своєму наставнику.	
0	19.11		F [еп. 197, повернення планів Конохи] — старий майстер пасток Ґенно, який працював у Конохі теслею, викрадає креслення оборони й нібито підриває себе; Цунаде збирає одинадцятьох генінів Конохи для пошуку мережі вибухових печаток, закладених по селу.	
0	20.11		F [еп. 198–199] — шинобі відновлюють схему пасток Ґенно й розуміють, що ціллю є вся Коноха. • G/ALT [Naruto: Clash of Ninja Revolution 2; після втечі Саске] — АНБУ Това й Комачі розслідують змову, пов’язану з Каґурою та Бандо; Коноха опиняється під загрозою внутрішнього нападу.	
0	21.11		F [еп. 200] — команда знаходить печатки на монументі Хокаґе; Ґенно запускає багаторівневий план помсти. • G/ALT [Clash of Ninja Revolution 2] — Наруто й союзники вступають у серію боїв, намагаючись відділити справжніх змовників від підозрюваних шинобі Конохи.	
0	22.11		F [еп. 201] — Наруто наздоганяє Ґенно; старий не завершує знищення Конохи й помирає, відпустивши помсту. • G/ALT [Clash of Ninja Revolution 2] — план Каґури й Бандо зірвано; оригінальна американська ігрова історія завершується без продовження в каноні.	
0	23.11		F [еп. 202, мета-рекап] — спеціальний випуск ранжує п’ять найкращих боїв попередніх серій і складається переважно з повторених сцен; нової внутрішньосвітової події, яку можна надійно датувати, немає.	
0	24.11		F [еп. 203, порятунок Якумо Курами] — Куренай раптово залишає Команду 8, щоб самостійно наглядати за колишньою ученицею Якумо Курамою; Наруто, Кіба, Хіната й Шіно не приймають пояснення та вирушають слідом.	
0	25.11		F [еп. 204–205] — клан Курама намагається повернути Якумо, чий винятковий ґенджюцу може керувати всіма п’ятьма чуттями; відкривається наказ Хірузена запечатати її силу й обіцянка Куренай захищати дівчину; Якумо вважає, що Куренай убила її батьків.	
0	26.11		F [еп. 206] — Якумо занурює Коноху й переслідувачів у настільки повне ґенджюцу, що ілюзорні поранення стають реальними; Наруто та Куренай входять у її внутрішній світ і знаходять Ідо — породжену пригніченою силою особистість, яка насправді спалила будинок і вбила батьків Якумо.	
0	27.11		F [еп. 207] — Якумо приймає правду й власноруч знищує Ідо, звільняючи себе від неконтрольованої сили; Куренай виконує обіцянку Хірузену та повертається до Команди 8, а Якумо обирає життя без примусу доводити цінність клану як бойова куноїчі.	
0	28.11		F [еп. 208] — Наруто й Кіба супроводжують майстра Шінемона та його коштовну чайну чашу Качофуґецу; злодії полюють на виріб, а клієнт цінує предмет більше за охоронців, доки небезпека не змушує його переоцінити вагу речі порівняно з людським життям.	
0	29.11		F [еп. 209, супровід Ґантецу] — Наруто, Сакура й Лі охороняють тюремний корабель, що везе Ґантецу, колишнього члена банди Шінобадзу; капітан Тодорокі прагне особисто вбити в’язня, бо вважає його винним у загибелі своєї родини й молодшого брата Акіо.	
0	30.11		F [еп. 210] — Шінобадзу атакують корабель і відводять річку в підземний тунель; Наруто, Тодорокі та Ґантецу потрапляють до Лісу Заблудження, де Ґантецу орієнтується за таємними знаками й розкриває, що колись рятував дітей, яких банда залишала сиротами.	
0	01.12		F [еп. 211] — Шінобадзу викрадають Акіо, а Тодорокі разом із Ґантецу штурмує їхню базу. • G/ALT [Naruto: Ninja Destiny 2 — European Version] — починається спеціально створений для європейського видання сюжет; його точне місце після втечі Саске офіційно не датоване, тому дата є лише робочим вікном.	
0	02.12		F [еп. 212] — Наруто перемагає Шуру, Ґантецу рятує Акіо, а Тодорокі дозволяє йому залишитися з дітьми. • G/ALT [Ninja Destiny 2 EU] — Наруто збирає сувої й проходить серію сюжетних поєдинків із шинобі Конохи, Суни та ворогами; ця версія не тотожна японському релізу.	
0	03.12		F [еп. 213, пошук пам’яті Менми] — Наруто знаходить пораненого юнака без пам’яті й називає його Менмою. • G/ALT [Ninja Destiny 2 EU] — ігрова лінія завершується фінальним зіткненням, пов’язаним із Саске; через відсутність надійної внутрішньої календарної прив’язки вона зберігається лише як паралельний пост-сасківський сюжет.	
0	04.12		F [еп. 214] — Наруто супроводжує Менму до селища, на яке нападають розбійники; мешканці впізнають у ньому одного з нападників і відмовляються довіряти, а повернення спогадів показує, що він був членом банди, хоча таємно намагався мінімізувати жертви.	
0	05.12		F [еп. 215] — колишні спільники Менми намагаються знищити селище обвалом; він переходить на бік Наруто, використовує музику для підтримки захисників і жертвує собою, підірвавши тунель та відвівши руйнування від людей; Наруто зберігає його окарину й визнає вибір Менми важливішим за злочинне минуле.	
0	06.12			
0	07.12		F [еп. 216, підтримка Су́наґакуре] — Четвірка Небесних Символів із Такумі викрадає ученицю Ґаари Мацурі, щоб виманити джінчюрикі; Ґаара, Темарі й Канкуро вирушають навздогін, а Цунаде відправляє на допомогу команди Конохи.	
0	08.12		F [еп. 217] — шинобі Конохи об’єднуються з Суною й розділяються проти Хокі, Куджаку, Рюґана та Суйко; вороги використовують створені в Такумі чакрові обладунки та зброю, що поглинає стихійні атаки; Ґаара продовжує переслідування, захищаючи Мацурі.	
0	09.12		F [еп. 218] — Суйко запечатує пісок Ґаари водяною технікою й намагається витягти силу Шукаку; Наруто та союзники руйнують частину обладнання, Темарі й Канкуро перемагають своїх супротивників, але лідер ворогів запускає ритуал відродження засновника Такумі.	
0	10.12		F [еп. 219] — Сеймей відроджується через чотири легендарні знаряддя й використовує чакру Ґаари для створення «досконалої зброї»; Наруто допомагає Ґаарі втримати Шукаку, після чого їхня спільна атака руйнує обладунок і остаточно перемагає Сеймея.	
0	11.12		F [еп. 220, завершення місії] — Мацурі врятована, Четвірку Небесних Символів знищено, а союз Конохи й Суни зміцнюється; Ґаара повертається до обов’язків у селищі, тоді як команди Конохи починають дорогу додому.	
0	12.12		F [еп. 220] — шинобі Конохи повертаються із Су́ни; Цунаде підсумовує місію, друзі Наруто відновлюють тренування й отримують нові завдання перед його тривалою відсутністю.	
0	13.12		F [еп. 220] — Наруто готується до подорожі з Джираєю та востаннє проводить час у Конохі; Сакура продовжує медичне навчання, а їхня спільна мета повернути Саске залишається незмінною.	
0	14.12		F [еп. 220] — Джирая завершує приготування до відбуття й нагадує про загрозу Акацукі та строк до наступної зміни тіла Орочімару; Наруто прощається з місцями й людьми, що сформували його перший рік як геніна.	
0	15.12			
0	16.12		arc 05 [Sasuke Recovery] — Three months after the failed retrieval mission, Naruto's wounds have healed; Sakura has trained under Tsunade for three months and demonstrates medical study and chakra-enhanced strength; the Sand siblings prepare to leave Konoha and acknowledge their repaired alliance with the Leaf; Akatsuki convenes and discusses Orochimaru, Sasuke, and its future hunt for the jinchuriki; Kakashi reflects at the memorial stone and begins training the Mangekyo Sharingan; Jiraiya warns Naruto that Akatsuki and Orochimaru leave them roughly three years to prepare; Naruto promises Sakura he will return stronger and rescue Sasuke; Naruto leaves Konoha with Jiraiya for a training journey of about two and a half years. | A [еп. 220] — аніме адаптує канонічне відбуття Наруто з Джираєю після завершення останньої філерної місії. | F [еп. 220, фінал аніме Part I] — після повернення із Су́ни Наруто прощається з друзями; Сакура продовжує навчання під керівництвом Цунаде; Джирая забирає Наруто в тривалу подорож і починає його підготовку до майбутньої боротьби з Акацукі та Орочімару.	
0	17.12		F [Shippūden еп. 187; ретроспектива, реконструйований початок подорожі] — під час тренувальної мандрівки Джирая навчає Наруто протидіяти ґенджюцу; вони прибувають до села, захопленого прибічниками колишнього соратника Ханзо, й довідуються про ув’язнених жінок та дітей.	
0	18.12		F [Shippūden еп. 188; ретроспектива, продовження подорожі] — Наруто й Джирая допомагають місцевим повстанцям визволити заручників і скинути загарбників; перше випробування мандрівки зміцнює їхні стосунки вчителя й учня.	
0	19.12			
0	20.12			
0	21.12			
0	22.12			
0	23.12			
0	24.12			
0	25.12			
0	26.12			
0	27.12			
0	28.12			
0	29.12			
0	30.12			
0	31.12			