LegacyEventID	Year	Date	Origin	Status	ReplacementIDs	Notes
V10-000001	0	18.01	M	superseded	ev-y0-0118-naruto-paints-monument;ev-y0-0118-iruka-catches-naruto;ev-y0-0118-naruto-declares-hokage-goal;ev-y0-0118-naruto-transformation;ev-y0-0118-iruka-treats-ramen	Split monument, conversation and ramen into separate scenes.
V10-000002	0	19.01	M	superseded	ev-y0-0119-naruto-fails-clone;ev-y0-0119-mizuki-manipulates-naruto;ev-y0-0119-naruto-steals-scroll;ev-y0-0119-hiruzen-orders-recovery;ev-y0-0119-iruka-finds-naruto;ev-y0-0119-mizuki-reveals-nine-tails;ev-y0-0119-mizuki-attacks-iruka	Split graduation, theft/search and confrontation into distinct scenes.
V10-000003	0	20.01	M	superseded	ev-y0-0120-iruka-acknowledges-naruto;ev-y0-0120-naruto-defeats-mizuki;ev-y0-0120-iruka-gives-protector	Split dawn resolution into atomic events.
V10-000004	0	21.01	M	superseded	ev-y0-0121-naruto-registers-ninja;ev-y0-0121-naruto-meets-konohamaru;ev-y0-0121-naruto-defeats-ebisu;ev-y0-0121-naruto-teaches-konohamaru	Split registration and Konohamaru/Ebisu sequence.
V10-000005	0	22.01	M	migrated	ev-y0-0122-naruto-sasuke-kiss	Separate pre-assignment classroom scene.
V10-000006	0	22.01	M	superseded	ev-y0-0122-team7-announced;ev-y0-0122-naruto-restrains-sasuke;ev-y0-0122-naruto-impersonates-sasuke;ev-y0-0122-sakura-insults-naruto;ev-y0-0122-kakashi-arrives;ev-y0-0122-team7-introductions;ev-y0-0122-kakashi-schedules-bell-test	Legacy row mixed team formation, impersonation, waiting and rooftop scenes.
V10-000007	0	22.01	A	merged	ev-y0-0122-team7-announced	Anime adaptation note; not a duplicate historical event.
V10-000008	0	22.01	R	partial	ev-y0-0122-hiruzen-assigns-team7-to-kakashi;ev-y0-0122-kakashi-background-checks-team7	Content preserved; background-check sequence remains draft pending location-level split.
V10-000009	0	22.01	P	superseded	ev-y0-0122-team9-announced;ev-y0-0122-ren-asks-kita	Announcement and Ren/Kita exchange separated.
V10-000009-B	0	22.01	P	superseded	ev-y0-0122-raido-question;ev-y0-0122-team9-departs	Question to Sakura and departure split; cast now comes from presence intervals.
V10-000009-C	0	22.01	P	superseded	ev-y0-0122-nobari-returns;ev-y0-0122-kita-talks-with-mother;ev-y0-0122-kita-cries	Evening home sequence split.
V10-000010	0	23.01	M	migrated	ev-y0-0123-kakashi-explains-bells	Bell-test opening migrated.
V10-000010-B	0	23.01	M	migrated	ev-y0-0123-naruto-attacks-kakashi	Bell-test Naruto branch migrated.
V10-000010-C	0	23.01	M	migrated	ev-y0-0123-sasuke-nearly-gets-bell	Bell-test Sasuke branch migrated.
V10-000010-D	0	23.01	M	migrated	ev-y0-0123-sakura-genjutsu	Bell-test Sakura branch migrated.
V10-000010-E	0	23.01	M	migrated	ev-y0-0123-kakashi-forbids-feeding-naruto	Bell-test food rule migrated.
V10-000010-F	0	23.01	M	superseded	ev-y0-0123-team7-shares-food;ev-y0-0123-kakashi-passes-team7	Sharing food and Kakashi passing Team 7 split into separate events.
V10-000011	0	23.01	R	superseded	ev-y0-0123-kakashi-remembers-failed-teams;ev-y0-0123-kakashi-visits-memorial;ev-y0-0123-tenzo-advises-kakashi	Retrospective preparation split into atomic events.
V10-000012	0	23.01	P	superseded	ev-y0-0123-team9-arrives-field8;ev-y0-0123-kurenai-questions-team9	Arrival and Kurenai exchange split.
V10-000012-B	0	23.01	P	superseded	ev-y0-0123-team9-observes-team8;ev-y0-0123-sora-reveals-raido	Observation interval and reveal split.
V10-000012-C	0	23.01	P	superseded	ev-y0-0123-sora-reveals-raido;ev-y0-0123-raido-passes-observation-test	Reveal and Raido assessment split.
V10-000013	0	24.01	O	superseded	ev-y0-0124-konohamaru-asks-naruto;ev-y0-0124-naruto-konohamaru-enter-akagahara;ev-y0-0124-sasuke-sakura-help;ev-y0-0124-konohamaru-gives-clover	OVA row split into request, traversal, rescue and resolution.
V10-000014	0	25.01	R	superseded	ev-y0-0125-nekoba-assigns-pawprint;ev-y0-0125-team7-enters-nekomata-domain;ev-y0-0125-team7-gets-pawprint	Retrospective mission split into assignment, infiltration and result.
V10-000015	0	26.01	R	superseded	ev-y0-0126-naruto-finds-kisuke-note;ev-y0-0126-naruto-meets-kisuke-ghost;ev-y0-0126-naruto-exposes-spy	Kisuke retrospective split into discovery, contact and resolution.
V10-000016	0	27.01	R	superseded	ev-y0-0127-naruto-sasuke-webbed;ev-y0-0127-naruto-sasuke-rescue-sakura	Retrospective split into capture and rescue.
V10-000017	0	28.01	R	superseded	ev-y0-0128-team7-team10-hostage-mission;ev-y0-0128-tofu-betrays-teams;ev-y0-0128-shikamaru-trades-himself;ev-y0-0128-teams-defeat-bandits	Hostage mission split into separate causal events.
V10-000018	0	29.01	R	superseded	ev-y0-0129-team10-rescues-kosuke;ev-y0-0129-kosuke-recognizes-ino-shika-cho	Kosuke rescue and later recognition separated.
V10-000019	0	01.02	G	migrated	ev-y0-0201-team7-game-missions	Game branch start migrated.
V10-000020	0	02.02	G	superseded	ev-y0-0202-mizuki-escapes-game;ev-y0-0202-team7-pursues-mizuki-game	Game escape and pursuit split.
V10-000021	0	03.02	G	migrated	ev-y0-0203-team7-game-missions	Game mission block migrated without adding unsupported detail.
V10-000022	0	04.02	G	migrated	ev-y0-0204-team7-returns-to-d-ranks	Game branch ending migrated.
V10-000023	0	15.03	M	superseded	ev-prewaves-team7-d-ranks;ev-y0-0315-naruto-demands-harder-mission;ev-y0-0315-hiruzen-assigns-tazuna;ev-y0-0315-team7-departs-with-tazuna	Separated undated preceding D-ranks from the dated Tazuna assignment and departure.
V10-000024	0	15.03	A	merged	ev-prewaves-team7-d-ranks;ev-y0-0315-naruto-demands-harder-mission;ev-y0-0315-hiruzen-assigns-tazuna	Anime material adapts/extends the same historical D-rank and assignment events; retained as supporting evidence, not duplicate events.
V10-000025	0	16.03	M	superseded	ev-y0-0316-demon-brothers-attack;ev-y0-0316-kakashi-sasuke-stop-demons	Ambush and neutralization split.
V10-000025-B	0	16.03	M	migrated	ev-y0-0316-naruto-blood-oath	Naruto blood oath migrated.
V10-000025-C	0	16.03	M	migrated	ev-y0-0316-tazuna-reveals-risk	Tazuna risk disclosure migrated.
V10-000026	0	17.03	M	superseded	ev-y0-0317-team7-boards-boat;ev-y0-0317-boat-crosses-in-mist;ev-y0-0317-tazuna-explains-gato-control;ev-y0-0317-team7-lands-waves	Crossing and landing separated into distinct scene-level events.
V10-000027	0	18.03	M	superseded	ev-y0-0318-zabuza-attacks;ev-y0-0318-kakashi-reveals-sharingan;ev-y0-0318-kakashi-water-prison;ev-y0-0318-naruto-sasuke-free-kakashi;ev-y0-0318-kakashi-defeats-zabuza;ev-y0-0318-haku-takes-zabuza;ev-y0-0318-kakashi-collapses	First Zabuza battle decomposed into causal events.
V10-000028	0	22.03	M	superseded	ev-y0-0322-kakashi-deduces-haku-ruse;ev-y0-0322-tazuna-tells-kaiza-story;ev-y0-0322-kakashi-introduces-tree-climbing;ev-y0-0322-sakura-controls-chakra-first	Home briefing and tree-climbing training separated.
V10-000029	0	28.03	M	superseded	ev-y0-0328-naruto-meets-haku-herbs;ev-y0-0328-haku-strength-for-precious-person	Encounter and Haku's lesson split.
V10-000030	0	29.03	M	superseded	ev-y0-0329-naruto-sasuke-complete-tree-training;ev-y0-0329-naruto-collapses-overtraining	Training completion and Naruto collapse split.
V10-000031	0	30.03	M	superseded	ev-y0-0330-zabuza-haku-attack-bridge;ev-y0-0330-sasuke-awakens-sharingan;ev-y0-0330-sasuke-protects-naruto;ev-y0-0330-naruto-nine-tails-chakra;ev-y0-0330-haku-sacrifices-self;ev-y0-0330-gato-arrives;ev-y0-0330-zabuza-kills-gato;ev-y0-0330-zabuza-dies-by-haku;ev-y0-0330-villagers-drive-off-mercenaries	Final bridge battle decomposed into individual events.
V10-000032	0	30.03	M	superseded	ev-y0-0330-gato-men-attack-tazuna-home;ev-y0-0330-inari-defends-tsunami;ev-y0-0330-naruto-rescues-inari-tsunami;ev-y0-0330-villagers-drive-off-mercenaries;ev-y0-0330-zabuza-haku-buried	Parallel home attack, villagers' arrival and burial separated.
V10-000033	0	13.04	M	superseded	ev-y0-0413-bridge-completed;ev-y0-0413-bridge-named-after-naruto;ev-y0-0413-team7-says-farewell;ev-y0-0413-team7-returns-konoha	Bridge completion, naming, farewell and return separated.
V10-000034	0	13.04	R	superseded	ev-y0-0413-naruto-returns-for-coupon;ev-y0-0413-inari-faces-gato-remnants;ev-y0-0413-naruto-sasuke-help-capture-remnants	Shippuden 180 retrospective decomposed into its new historical events.
V10-000035	0	13.04	R	superseded	ev-y0-0413-naruto-confronts-sasuke;ev-y0-0413-sasuke-challenges-naruto-to-improve	Post-Waves rivalry retrospective split into exchange and response.
V10-000036	0	14.04	O	superseded	ev-y0-0414-crossroads-team7-mission;ev-y0-0414-crossroads-rivalry-disrupts;ev-y0-0414-crossroads-team7-recovers	Cross Roads OVA split into mission, disruption and recovery; unsupported Land of Waves location dropped.
V10-000037	0	15.04	R	superseded	ev-y0-0415-team7-escorts-condor;ev-y0-0415-naruto-enters-tsukado-feud;ev-y0-0415-feud-ends;ev-y0-0415-kanabun-gang-attacks	Condor retrospective split into escort, feud and later attack.
V10-000038	0	16.04	R	superseded	ev-y0-0416-naruto-tenten-accompany-lee;ev-y0-0416-chen-reveals-alive;ev-y0-0416-chen-tests-lee;ev-y0-0416-lee-develops-answer-to-dragon	Chen retrospective split into arrival, reveal, test and Lee's response.
V10-000039	0	24.06	M	migrated	ev-y0-0624-foreign-genin-arrive	Foreign-genin arrival kept as a background/global event.
V10-000039-B	0	24.06	M	superseded	ev-y0-0624-kankuro-confronts-konohamaru;ev-y0-0624-team7-intervenes;ev-y0-0624-team7-meets-sand-siblings	Konohamaru/Sand encounter split into confrontation, intervention and first meeting; Moegi and Udon added to physical presence.
V10-000039-C	0	24.06	M	superseded	ev-y0-0624-lee-challenges-sasuke;ev-y0-0624-lee-outclasses-sasuke;ev-y0-0624-guy-stops-lee	Lee/Sasuke bout split; Naruto and Sakura retained as physical witnesses.
V10-000039-D	0	24.06	M	migrated	ev-y0-0624-hiruzen-announces-chunin-exam	Hokage meeting event migrated.
V10-000039-E	0	24.06	M	superseded	ev-y0-0624-jonin-nominate-teams;ev-y0-0624-iruka-objects-to-nominations	Nominations and Iruka's objection separated within the same meeting scene.
V10-000039-F	0	24.06	M	migrated	ev-y0-0624-kakashi-offers-exam-choice	Kakashi's private Team 7 choice scene migrated.
V10-000040	0	01.07	M	superseded	ev-y0-0701-rookie-teams-meet;ev-y0-0701-kabuto-shows-ninja-info-cards;ev-y0-0701-sound-team-attacks-kabuto	Candidate gathering split; jōnin mentors removed from physical presence.
V10-000040-B	0	01.07	M	superseded	ev-y0-0701-ibiki-starts-written-exam;ev-y0-0701-ibiki-announces-tenth-question;ev-y0-0701-naruto-refuses-to-quit;ev-y0-0701-written-exam-passes-26-teams	Written exam split into setup, tenth question, Naruto's refusal and result.
V10-000040-C	0	01.07	M	superseded	ev-y0-0701-anko-briefs-candidates;ev-y0-0701-forest-stage-begins	Forest briefing and exact 14:32 start separated.
V10-000040-D	0	01.07	M	superseded	ev-y0-0701-orochimaru-separates-team7;ev-y0-0701-naruto-fights-orochimaru;ev-y0-0701-orochimaru-five-elements-seal	Orochimaru's attack on Naruto split; Kakashi removed from physical cast.
V10-000040-E	0	01.07	M	superseded	ev-y0-0701-sasuke-fights-orochimaru;ev-y0-0701-orochimaru-curse-mark-sasuke	Sasuke's resistance and curse-mark placement split; Kakashi removed from physical cast.
V10-000040-F	0	01.07	M	superseded	ev-y0-0701-anko-finds-grass-team;ev-y0-0701-anko-confronts-orochimaru;ev-y0-0701-orochimaru-escapes-anko	Anko discovery and confrontation separated.
V10-000040-G	0	01.07	M	superseded	ev-y0-0701-gaara-kills-team-shigure;ev-y0-0701-sand-team-gets-scroll;ev-y0-0701-sand-team-reaches-tower	Gaara branch split into kill, scroll acquisition and tower arrival.
V10-000041	0	01.07	F	migrated	ev-y0-0701-konohamaru-team-prepares-report	Only the historical framing report is stored; recap content is not duplicated.
V10-000042	0	02.07	M	migrated	ev-y0-0702-sakura-guards-team7	Overnight guard migrated; Kakashi removed from physical presence.
V10-000042-B	0	02.07	M	superseded	ev-y0-0702-sound-team-attacks-sakura;ev-y0-0702-lee-intervenes;ev-y0-0702-dosu-defeats-lee	Dawn attack split into Sound assault and Lee intervention.
V10-000042-C	0	02.07	M	superseded	ev-y0-0702-sakura-cuts-hair;ev-y0-0702-team10-intervenes	Sakura's resistance and Team 10 intervention separated; Asuma removed from physical cast.
V10-000042-D	0	02.07	M	superseded	ev-y0-0702-sasuke-awakens-curse-mark;ev-y0-0702-sasuke-breaks-zaku-arms;ev-y0-0702-sakura-calms-sasuke	Sasuke's awakening, attack and Sakura calming him separated; Kakashi removed from physical cast.
V10-000042-E	0	02.07	M	migrated	ev-y0-0702-sound-team-retreats	Sound Team retreat migrated.
V10-000042-F	0	02.07	M	superseded	ev-y0-0702-anko-reports-orochimaru;ev-y0-0702-hiruzen-continues-exam	Anko's report and Hiruzen's decision separated; Orochimaru marked as remote/mentioned, not present.
V10-000043	0	05.07	M	migrated	ev-y0-0705-team7-resumes-scroll-search	Team 7 resumes the scroll search; Kakashi removed from physical presence.
V10-000044	0	05.07	M	superseded	ev-y0-0705-sasuke-meets-karin;ev-y0-0705-sasuke-saves-karin-bear	Chapter 482 flashback split into meeting and rescue.
V10-000045	0	06.07	M	migrated	ev-y0-0706-kabuto-joins-team7	Kabuto joins Team 7; Kakashi removed from physical presence in the forest.
V10-000045-B	0	06.07	M	superseded	ev-y0-0706-team-oboro-traps-group;ev-y0-0706-naruto-exhausts-oboro-team	Team Oboro encounter split into trap and Naruto's counter.
V10-000045-C	0	06.07	M	superseded	ev-y0-0706-team7-gets-second-scroll;ev-y0-0706-team7-reaches-tower	Scroll acquisition and tower arrival separated.
V10-000045-D	0	06.07	M	migrated	ev-y0-0706-kabuto-returns-to-sound	Kabuto's secret return migrated as a separate scene.
V10-000045-E	0	06.07	M	superseded	ev-y0-0706-seven-teams-reach-tower;ev-y0-0706-hayate-announces-preliminaries	Stage result and announcement of preliminaries separated.
V10-000046	0	06.07	M	migrated	ev-y0-0706-sasuke-defeats-yoroi	First preliminary match migrated.
V10-000046-B	0	06.07	M	superseded	ev-y0-0706-kakashi-seals-curse-mark;ev-y0-0706-orochimaru-confronts-kakashi	Curse-mark sealing and Orochimaru confrontation separated in a side-room scene.
V10-000046-C	0	06.07	M	migrated	ev-y0-0706-shino-defeats-zaku	Preliminary match migrated.
V10-000046-D	0	06.07	M	migrated	ev-y0-0706-kankuro-defeats-misumi	Preliminary match migrated.
V10-000046-E	0	06.07	M	migrated	ev-y0-0706-sakura-ino-double-ko	Preliminary match migrated.
V10-000046-F	0	06.07	M	migrated	ev-y0-0706-temari-defeats-tenten	Preliminary match migrated.
V10-000046-G	0	06.07	M	migrated	ev-y0-0706-shikamaru-defeats-kin	Preliminary match migrated.
V10-000046-H	0	06.07	M	migrated	ev-y0-0706-naruto-defeats-kiba	Preliminary match migrated.
V10-000046-I	0	06.07	M	migrated	ev-y0-0706-neji-defeats-hinata	Preliminary match migrated.
V10-000046-J	0	06.07	M	migrated	ev-y0-0706-gaara-defeats-lee	Preliminary match migrated.
V10-000046-K	0	06.07	M	migrated	ev-y0-0706-dosu-defeats-choji	Final preliminary match migrated.
V10-000046-L	0	06.07	M	migrated	ev-y0-0706-finalists-draw-pairs	Final pair draw migrated.
V10-000046-M	0	06.07	M	migrated	ev-y0-0706-kakashi-assigns-ebisu	Kakashi assigning Ebisu to Naruto migrated as a separate scene.
V10-000047	0	06.07	M	superseded	ev-y0-0706-kabuto-kills-anbu-guards;ev-y0-0706-kabuto-approaches-sasuke;ev-y0-0706-kakashi-intercepts-kabuto;ev-y0-0706-kabuto-escapes-kakashi	Kabuto hospital infiltration split into guard killings, approach, interception and escape.
V10-000048	0	06.07	M	superseded	ev-y0-0706-naruto-trains-with-ebisu;ev-y0-0706-jiraiya-appears;ev-y0-0706-jiraiya-removes-five-elements-seal;ev-y0-0706-jiraiya-takes-over-training	Naruto/Ebisu/Jiraiya sequence split; Kakashi and Orochimaru are not treated as physically present.
V10-000049	0	06.07	M	superseded	ev-y0-0706-dosu-attacks-gaara;ev-y0-0706-gaara-kills-dosu	Dosu's attack and death separated.
V10-000049-B	0	06.07	M	migrated	ev-y0-0706-baki-kabuto-discuss-invasion	Invasion conspiracy discussion migrated.
V10-000049-C	0	06.07	M	superseded	ev-y0-0706-hayate-eavesdrops;ev-y0-0706-baki-kills-hayate	Hayate's eavesdropping and death separated.
V10-000050	0	06.07	R	superseded	ev-y0-0706-sasuke-asks-kakashi-training;ev-y0-0706-sasuke-lightning-affinity;ev-y0-0706-kakashi-decides-chidori	Shippuden 258 training setup split; Naruto is motivation/mentioned, not physically present.
V10-000051	0	06.07	R	superseded	ev-y0-0706-hayate-checks-yugao;ev-y0-0706-hiruzen-orders-hayate;ev-y0-0706-hayate-yugao-promise	Hayate/Yugao retrospective split across hospital, Hokage order and farewell scenes.
V10-000051-B	0	07.07	R	migrated	ev-y0-0707-yugao-finds-hayate	Yugao finding Hayate's body migrated; Baki is remote cause, not physically present.
V10-000052	0	07.07	M	superseded	ev-y0-0707-jiraiya-starts-summoning-training;ev-y0-0707-naruto-summons-small-toads;ev-y0-0707-jiraiya-prepares-nine-tails-training	Summoning training split into start, failed small summons and Nine-Tails preparation.
V10-000053	0	07.07	R	superseded	ev-y0-0707-hanabi-visits-hinata;ev-y0-0707-hinata-explains-why-she-did-not-quit	Hanabi/Hinata visit split; Neji marked as mentioned rather than physically present.
V10-000054	0	22.07	M	superseded	ev-y0-0722-kakashi-trains-sasuke-speed;ev-y0-0722-kakashi-teaches-chidori;ev-y0-0722-naruto-still-summons-small-toads	Parallel Sasuke and Naruto training split into separate scenes.
V10-000055	0	27.07	M	superseded	ev-pre0727-orochimaru-kills-rasa;ev-y0-0727-orochimaru-poses-as-kazekage	Rasa's death is no longer falsely dated 27.07; assassination is undated but constrained before the dated impersonation.
V10-000056	0	27.07	R	migrated	ev-pre0727-kimimaro-sound-assist-rasa-ambush	Anime-only expansion of the Rasa ambush stored separately with anime origin.
V10-000057	0	27.07	M	superseded	ev-y0-0727-baki-confirms-invasion-plan;ev-y0-0727-naruto-still-fails-combat-summon	Invasion planning and Naruto's parallel training separated.
V10-000058	0	28.07	M	superseded	ev-y0-0728-jiraiya-throws-naruto-ravine;ev-y0-0728-naruto-meets-kurama;ev-y0-0728-naruto-summons-gamabunta;ev-y0-0728-naruto-earns-gamabunta-recognition	Ravine/Gamabunta training decomposed into causal events.
V10-000060	0	31.07	M	superseded	ev-y0-0731-naruto-wakes-after-gamabunta;ev-y0-0731-naruto-visits-lee;ev-y0-0731-naruto-leaves-to-prepare-finals	Naruto hospital sequence split; Sasuke/Kakashi treated as absent/mentioned rather than physically present.
V10-000061	0	31.07	R	superseded	ev-y0-0731-honegami-team-enters-traps;ev-y0-0731-disguised-guy-tests-group;ev-y0-0731-rain-ninja-attack-honegami;ev-y0-0731-sasuke-secretly-helps-honegami;ev-y0-0731-honegami-scroll-lesson	Honegami retrospective decomposed; Asuma removed from physical cast.
V10-000062	0	31.07	R	superseded	ev-y0-0731-sasuke-practices-chidori-boulder;ev-y0-0731-sasuke-remembers-gaara	Chidori practice and remembered Gaara fight separated; Gaara is not physically present.
V10-000059	0	31.07	M	superseded	ev-y0-0731-gaara-attempts-kill-lee;ev-y0-0731-naruto-shikamaru-block-gaara;ev-y0-0731-gaara-tells-childhood;ev-y0-0731-guy-stops-hospital-conflict	Hospital confrontation split; Shikamaru restored to physical cast.
V10-000063	0	01.08	M	superseded	ev-y0-0801-naruto-admits-fear-of-neji;ev-y0-0801-hinata-calls-naruto-proud-failure	Pre-final Naruto/Hinata conversation split; Hinata restored to physical cast, Neji marked as mentioned.
V10-000064	0	01.08	M	migrated	ev-y0-0801-naruto-defeats-neji	Naruto vs Neji final migrated.
V10-000064-B	0	01.08	M	migrated	ev-y0-0801-hiashi-tells-neji-hizashi-truth	Neji learns the truth from Hiashi; Hizashi is historical/mentioned, not physically present.
V10-000064-C	0	01.08	M	superseded	ev-y0-0801-shikamaru-traps-temari;ev-y0-0801-shikamaru-surrenders	Shikamaru/Temari final split into tactical win and voluntary surrender.
V10-000064-D	0	01.08	M	migrated	ev-y0-0801-kakashi-sasuke-arrive-late	Sasuke and Kakashi late arrival migrated.
V10-000064-E	0	01.08	M	superseded	ev-y0-0801-sasuke-fights-gaara;ev-y0-0801-sasuke-pierces-gaara-chidori	Sasuke/Gaara final split into fight and Chidori penetration.
V10-000065	0	01.08	M	superseded	ev-y0-0801-kabuto-casts-arena-genjutsu;ev-y0-0801-sand-sound-invasion-starts	Arena genjutsu and coordinated invasion start separated.
V10-000065-B	0	01.08	M	superseded	ev-y0-0801-sound-four-barrier;ev-y0-0801-orochimaru-edo-hokage	Rooftop isolation and Edo Tensei summons separated.
V10-000065-C	0	01.08	M	superseded	ev-y0-0801-hiruzen-seals-first-second;ev-y0-0801-hiruzen-seals-orochimaru-arms;ev-y0-0801-hiruzen-dies	Hiruzen's final technique decomposed into sealing the Hokage, sealing Orochimaru's arms, and death.
V10-000065-D	0	01.08	M	migrated	ev-y0-0801-sasuke-pursues-gaara	Sasuke pursuit migrated.
V10-000065-E	0	01.08	M	superseded	ev-y0-0801-naruto-catches-gaara;ev-y0-0801-naruto-summons-gamabunta-vs-gaara;ev-y0-0801-naruto-defeats-gaara;ev-y0-0801-naruto-changes-gaara-view	Naruto/Gaara climax decomposed into pursuit arrival, summoning, defeat and aftermath.
V10-000065-F	0	01.08	M	migrated	ev-y0-0801-invasion-fails	Invasion failure migrated as a global outcome event.
V10-000066	0	01.08	R	superseded	ev-y0-0801-hinata-kidnapped;ev-y0-0801-neji-team-pursues-kidnappers;ev-y0-0801-hiashi-rescues-hinata;ev-y0-0801-hiashi-tells-neji-hizashi-love	Hinata kidnapping retrospective decomposed and missing Hinata/Hiashi presence restored.
V10-000067	0	01.08	R	superseded	ev-y0-0801-adult-ino-shika-cho-fights;ev-y0-0801-adult-ino-shika-cho-rescues-kosuke	Corrected physical cast from Ino to Inoichi, Shikaku and Choza; rescue split from battle.
V10-000068	0	01.08	R	migrated	ev-y0-0801-hanabi-hiashi-watch-naruto-neji	Hanabi and Hiashi watching Naruto vs Neji migrated with actual observer presence.
V10-000069	0	01.08	M	migrated	ev-y0-0801-kakashi-dispatches-pursuit-team	Kakashi dispatching Naruto/Sakura/Shikamaru/Pakkun migrated; Sasuke marked remote.
V10-000069-B	0	01.08	M	migrated	ev-y0-0801-shikamaru-delays-sound	Shikamaru pursuit delay migrated as its own scene.
V10-000069-C	0	01.08	M	migrated	ev-y0-0801-shino-fights-kankuro	Shino versus Kankuro migrated; Sasuke and Gaara are remote from this scene.
V10-000070	0	01.08	M	migrated	ev-y0-0801-kin-zaku-used-as-edo-sacrifices	Kin and Zaku as Edo Tensei sacrifices migrated.
V10-000071	0	01.08	R	superseded	ev-y0-0801-yugao-visits-hayate-memorial;ev-y0-0801-yugao-vows-revenge;ev-y0-0801-yugao-departs-with-anbu	Yugao memorial retrospective decomposed; Hayate marked remembered/remote.
V10-000072	0	02.08	M	superseded	ev-y0-0802-konoha-treats-wounded;ev-y0-0802-konoha-counts-dead;ev-y0-0802-konoha-begins-rebuilding	Global aftermath split into treatment, casualty accounting and rebuilding; unrelated named characters removed from cast.
V10-000072-B	0	02.08	M	superseded	ev-y0-0802-council-discusses-hokage-successor;ev-y0-0802-jiraiya-proposed-hokage	Succession council and Jiraiya candidacy separated; Jiraiya is affected/remote rather than assumed present.
V10-000072-C	0	02.08	M	superseded	ev-y0-0802-suna-finds-rasa-body;ev-y0-0802-suna-confirms-orochimaru-deception;ev-y0-0802-suna-prepares-capitulation	Suna aftermath decomposed into discovery, confirmation and diplomatic consequence.
V10-000073	0	03.08	M	migrated	ev-y0-0803-hiruzen-funeral	Hiruzen funeral migrated.
V10-000073-B	0	03.08	M	migrated	ev-y0-0803-iruka-explains-will-fire	Iruka and Konohamaru post-funeral scene migrated.
V10-000073-C	0	03.08	M	superseded	ev-y0-0803-council-offers-hokage-to-jiraiya;ev-y0-0803-jiraiya-refuses-and-nominates-tsunade	Council offer and Jiraiya refusal/Tsunade nomination separated.
V10-000073-D	0	03.08	M	superseded	ev-y0-0803-asuma-kurenai-face-akatsuki;ev-y0-0803-kakashi-enters-akatsuki-fight;ev-y0-0803-itachi-tsukuyomi-kakashi;ev-y0-0803-guy-forces-akatsuki-retreat	Akatsuki fight decomposed; Naruto is remote target.
V10-000073-E	0	03.08	M	migrated	ev-y0-0803-naruto-jiraiya-leave-konoha	Naruto and Jiraiya departure migrated; Tsunade is remote target.
V10-000074	0	04.08	R	superseded	ev-y0-0804-tenten-doubts-herself;ev-y0-0804-guy-encourages-tenten	Tenten retrospective split; Tsunade marked mentioned rather than physically present.
V10-000075	0	04.08	R	superseded	ev-y0-0804-hanabi-watches-hinata-neji-train;ev-y0-0804-hanabi-notices-hinata-confidence	Hanabi restored as physical observer; training and realization separated.
V10-000076	0	04.08	M	migrated	ev-y0-0804-itachi-kisame-find-naruto	Itachi and Kisame locating Naruto migrated as its own scene.
V10-000076-B	0	04.08	M	superseded	ev-y0-0804-sasuke-attacks-itachi;ev-y0-0804-itachi-breaks-sasuke-arm-tsukuyomi	Sasuke attack and Itachi counter/Tsukuyomi separated.
V10-000076-C	0	04.08	M	migrated	ev-y0-0804-jiraiya-traps-akatsuki	Jiraiya trapping Akatsuki merged into continuous inn scene.
V10-000076-D	0	04.08	M	migrated	ev-y0-0804-itachi-amaterasu-escape	Amaterasu escape merged into continuous inn scene.
V10-000076-E	0	04.08	M	superseded	ev-y0-0804-sasuke-left-unconscious;ev-y0-0804-naruto-jiraiya-continue-tsunade-search	Sasuke condition and continuation of Tsunade search separated.
V10-000077	0	22.08	M	superseded	ev-y0-0822-naruto-bursts-water-balloon;ev-y0-0822-jiraiya-gives-rubber-ball	First Rasengan stage and transition to rubber-ball training separated.
V10-000078	0	24.08	M	superseded	ev-y0-0824-jiraiya-notes-three-weeks;ev-y0-0824-naruto-focuses-through-palm-mark	Temporal note and Naruto power-stage training separated.
V10-000079	0	25.08	M	superseded	ev-y0-0825-orochimaru-kabuto-find-tsunade;ev-y0-0825-orochimaru-offers-resurrection;ev-y0-0825-orochimaru-gives-week	Orochimaru/Tsunade meeting decomposed.
V10-000079-B	0	25.08	M	migrated	ev-y0-0825-naruto-bursts-rubber-ball	Naruto completes the second Rasengan stage.
V10-000079-C	0	25.08	M	superseded	ev-y0-0825-jiraiya-offers-hokage-to-tsunade;ev-y0-0825-tsunade-refuses-hokage	Hokage offer and refusal separated.
V10-000079-D	0	25.08	M	superseded	ev-y0-0825-naruto-attacks-tsunade-rasengan;ev-y0-0825-tsunade-stops-naruto-one-finger	Attack and counter separated.
V10-000079-E	0	25.08	M	migrated	ev-y0-0825-tsunade-naruto-wager	Naruto/Tsunade wager migrated.
V10-000080	0	26.08	M	superseded	ev-y0-0826-naruto-combines-rasengan-components;ev-y0-0826-tsunade-weighs-orochimaru-offer;ev-y0-0826-shizune-tells-naruto-nawaki-dan;ev-y0-0826-shizune-explains-blood-fear	Mixed row split into Naruto training, Tsunade deliberation and Shizune explanation.
V10-000081	0	31.08	M	superseded	ev-y0-0831-naruto-seems-unable-to-complete-rasengan;ev-y0-0831-tsunade-drugs-jiraiya;ev-y0-0831-tsunade-leaves-to-meet-orochimaru;ev-y0-0831-shizune-reveals-orochimaru-deal;ev-y0-0831-group-pursues-tsunade	Final wager night decomposed into deadline, Tsunade departure and pursuit.
V10-000082	0	01.09	M	superseded	ev-y0-0901-tsunade-feigns-agreement;ev-y0-0901-tsunade-attempts-kill-orochimaru	Tsunade deception and assassination attempt separated.
V10-000082-B	0	01.09	M	migrated	ev-y0-0901-kabuto-exploits-blood-fear	Kabuto exploiting Tsunade blood fear migrated.
V10-000082-C	0	01.09	M	superseded	ev-y0-0901-jiraiya-naruto-shizune-arrive;ev-y0-0901-kabuto-defeats-shizune	Arrival and Kabuto defeating Shizune separated.
V10-000082-D	0	01.09	M	migrated	ev-y0-0901-naruto-first-successful-rasengan	Naruto first successful direct Rasengan hit migrated.
V10-000082-E	0	01.09	M	superseded	ev-y0-0901-tsunade-overcomes-blood-fear;ev-y0-0901-tsunade-creation-rebirth	Tsunade overcoming hemophobia and activating Creation Rebirth separated.
V10-000082-F	0	01.09	M	migrated	ev-y0-0901-sannin-summon	Three Sannin summon confrontation migrated.
V10-000082-G	0	01.09	M	superseded	ev-y0-0901-tsunade-defeats-orochimaru;ev-y0-0901-orochimaru-kabuto-retreat	Tsunade victory and Orochimaru/Kabuto retreat separated.
V10-000082-H	0	01.09	M	superseded	ev-y0-0901-tsunade-gives-necklace-naruto;ev-y0-0901-tsunade-recognizes-naruto-future-hokage;ev-y0-0901-tsunade-accepts-fifth-hokage	Post-battle recognition, necklace transfer and acceptance of office separated.
V10-000084	0	02.09	F	superseded	ev-y0-0902-group-stops-hot-springs;ev-y0-0902-creditors-kidnap-naruto;ev-y0-0902-kidnap-plan-fails	Episode 97 filler decomposed; unsupported Konoha location dropped.
V10-000083	0	02.09	M	superseded	ev-y0-0902-tsunade-stabilizes-naruto;ev-y0-0902-naruto-regains-consciousness	Treatment and recovery separated; Kabuto is remote cause.
V10-000083-B	0	02.09	M	migrated	ev-y0-0902-tsunade-group-returns-konoha	Tsunade group return migrated.
V10-000083-C	0	02.09	M	migrated	ev-y0-0902-tsunade-becomes-fifth-hokage	Tsunade inauguration migrated.
V10-000085	0	02.09	F	superseded	ev-y0-0902-konohamaru-barricades-hokage-office;ev-y0-0902-naruto-helps-konohamaru-accept-change	Episode 99 filler split into obstruction and resolution.
V10-000083-D	0	02.09	M	superseded	ev-y0-0902-tsunade-heals-kakashi;ev-y0-0902-tsunade-heals-sasuke	Kakashi and Sasuke treatments separated; Itachi is remote cause.
V10-000083-E	0	02.09	M	superseded	ev-y0-0902-tsunade-examines-lee;ev-y0-0902-tsunade-gives-lee-fifty-percent	Lee examination and prognosis separated.
V10-000083-F	0	02.09	M	migrated	ev-y0-0902-shikamaru-promoted-chunin	Shikamaru promotion migrated.
V10-000086	0	03.09	F	superseded	ev-y0-0903-team7-decides-unmask-kakashi;ev-y0-0903-team7-follows-and-traps-kakashi;ev-y0-0903-team7-disrupts-moya-encounter;ev-y0-0903-kakashi-reveals-second-mask	Episode 101 decomposed into scene-level events.
V10-000087	0	03.09	R	superseded	ev-alt-y0-0903-sukea-joins-mask-hunt;ev-alt-y0-0903-teams-infiltrate-secret-archive;ev-alt-y0-0903-teams-stage-rescue;ev-alt-y0-0903-sukea-revealed-kakashi	Shippuden 469 preserved as separate ALT continuity and decomposed by scene.
V10-000088	0	03.09	V	superseded	ev-alt-y0-0903-team7-escorts-yukie;ev-alt-y0-0903-yukie-revealed-koyuki;ev-alt-y0-0903-koyuki-exile-doto-coup;ev-alt-y0-0903-team7-fights-doto-shinobi;ev-alt-y0-0903-naruto-defeats-doto;ev-alt-y0-0903-koyuki-restores-land-snow	Land of Snow movie preserved as ALT movie continuity and decomposed into scene nodes.
V10-000089	0	04.09	F	superseded	ev-y0-0904-ibiki-assigns-team7-idate;ev-y0-0904-aoi-disables-idate;ev-y0-0904-aoi-throws-naruto-sea	Tea mission opening split into assignment and Aoi attack.
V10-000090	0	04.09	O	superseded	ev-y0-0904-team7-escorts-shibuki;ev-y0-0904-waterfall-suien-plan-revealed	Waterfall OVA opening split into escort and threat revelation.
V10-000091	0	05.09	F	superseded	ev-y0-0905-team7-rescues-idate;ev-y0-0905-team-reaches-nagi;ev-y0-0905-aoi-betrayal-thunder-sword-revealed	Idate rescue, Nagi arrival and Aoi betrayal revelation separated.
V10-000092	0	05.09	O	superseded	ev-y0-0905-waterfall-attackers-capture-villagers;ev-y0-0905-shibuki-frozen-by-fear;ev-y0-0905-suien-seeks-hero-water	Waterfall siege decomposed.
V10-000093	0	05.09	N	migrated	ev-alt-y0-0905-waterfall-novel-siege	Novel siege retained in ALT continuity.
V10-000094	0	06.09	F	superseded	ev-y0-0906-sasuke-delays-aoi;ev-y0-0906-naruto-damages-thunder-sword	Aoi combat split.
V10-000095	0	06.09	O	superseded	ev-y0-0906-naruto-sasuke-resist-suien;ev-y0-0906-naruto-inspires-shibuki;ev-y0-0906-shibuki-leads-defense;ev-y0-0906-waterfall-attack-repelled	Waterfall defense decomposed.
V10-000096	0	06.09	N	migrated	ev-alt-y0-0906-waterfall-novel-ending	Novel ending retained in ALT continuity.
V10-000097	0	07.09	F	superseded	ev-y0-0907-naruto-breaks-thunder-sword;ev-y0-0907-naruto-defeats-aoi;ev-y0-0907-idate-reaches-modoroki-first;ev-y0-0907-idate-secures-wasabi-victory;ev-y0-0907-jirocho-ends-feud;ev-y0-0907-idate-restores-faith-shinobi;ev-y0-0907-idate-reconciles-ibiki	Tea mission finale decomposed into combat, race finish and reconciliation.
V10-000098	0	08.09	F	pending		Awaiting scene-level migration; original row preserved verbatim in this staging record and archive snapshot.
V10-000099	0	09.09	O	pending		Awaiting scene-level migration; original row preserved verbatim in this staging record and archive snapshot.
V10-000100	0	09.09	G	pending		Awaiting scene-level migration; original row preserved verbatim in this staging record and archive snapshot.
V10-000101	0	10.09	O	pending		Awaiting scene-level migration; original row preserved verbatim in this staging record and archive snapshot.
V10-000102	0	10.09	G	pending		Awaiting scene-level migration; original row preserved verbatim in this staging record and archive snapshot.
V10-000103	0	11.09	G	pending		Awaiting scene-level migration; original row preserved verbatim in this staging record and archive snapshot.
V10-000104	0	12.09	O	pending		Awaiting scene-level migration; original row preserved verbatim in this staging record and archive snapshot.
V10-000105	0	12.09	G	pending		Awaiting scene-level migration; original row preserved verbatim in this staging record and archive snapshot.
V10-000106	0	13.09	R	pending		Awaiting scene-level migration; original row preserved verbatim in this staging record and archive snapshot.
V10-000107	0	14.09	R	pending		Awaiting scene-level migration; original row preserved verbatim in this staging record and archive snapshot.
V10-000108	0	15.09	R	pending		Awaiting scene-level migration; original row preserved verbatim in this staging record and archive snapshot.
V10-000109	0	16.09	R	pending		Awaiting scene-level migration; original row preserved verbatim in this staging record and archive snapshot.
V10-000110	0	17.09	R	pending		Awaiting scene-level migration; original row preserved verbatim in this staging record and archive snapshot.
V10-000111	0	18.09	R	pending		Awaiting scene-level migration; original row preserved verbatim in this staging record and archive snapshot.
V10-000112	0	18.09	R	pending		Awaiting scene-level migration; original row preserved verbatim in this staging record and archive snapshot.
V10-000113	0	19.09	R	pending		Awaiting scene-level migration; original row preserved verbatim in this staging record and archive snapshot.
V10-000114	0	20.09	R	pending		Awaiting scene-level migration; original row preserved verbatim in this staging record and archive snapshot.
V10-000115	0	21.09	R	pending		Awaiting scene-level migration; original row preserved verbatim in this staging record and archive snapshot.
V10-000116	0	21.09	R	pending		Awaiting scene-level migration; original row preserved verbatim in this staging record and archive snapshot.
V10-000117	0	22.09	M	pending		Awaiting scene-level migration; original row preserved verbatim in this staging record and archive snapshot.
V10-000117-B	0	22.09	M	pending		Awaiting scene-level migration; original row preserved verbatim in this staging record and archive snapshot.
V10-000118	0	22.09	M	pending		Awaiting scene-level migration; original row preserved verbatim in this staging record and archive snapshot.
V10-000119	0	22.09	M	pending		Awaiting scene-level migration; original row preserved verbatim in this staging record and archive snapshot.
V10-000118-B	0	22.09	M	pending		Awaiting scene-level migration; original row preserved verbatim in this staging record and archive snapshot.
V10-000118-C	0	22.09	M	pending		Awaiting scene-level migration; original row preserved verbatim in this staging record and archive snapshot.
V10-000118-D	0	22.09	M	pending		Awaiting scene-level migration; original row preserved verbatim in this staging record and archive snapshot.
V10-000120	0	23.09	M	pending		Awaiting scene-level migration; original row preserved verbatim in this staging record and archive snapshot.
V10-000121	0	23.09	M	pending		Awaiting scene-level migration; original row preserved verbatim in this staging record and archive snapshot.
V10-000121-B	0	23.09	M	pending		Awaiting scene-level migration; original row preserved verbatim in this staging record and archive snapshot.
V10-000121-C	0	23.09	M	pending		Awaiting scene-level migration; original row preserved verbatim in this staging record and archive snapshot.
V10-000121-D	0	23.09	M	pending		Awaiting scene-level migration; original row preserved verbatim in this staging record and archive snapshot.
V10-000121-E	0	23.09	M	pending		Awaiting scene-level migration; original row preserved verbatim in this staging record and archive snapshot.
V10-000121-F	0	23.09	M	pending		Awaiting scene-level migration; original row preserved verbatim in this staging record and archive snapshot.
V10-000121-G	0	23.09	M	pending		Awaiting scene-level migration; original row preserved verbatim in this staging record and archive snapshot.
V10-000122	0	24.09	M	migrated	ev-y0-0924-kiba-separates	Kiba branch.
V10-000122-B	0	24.09	M	migrated	ev-y0-0924-shikamaru-fights-tayuya	Shikamaru branch.
V10-000122-C	0	24.09	M	migrated	ev-y0-0924-kimimaro-takes-sasuke	Kimimaro branch.
V10-000122-D	0	24.09	M	migrated	ev-y0-0924-orochimaru-transfers-body	Separate Orochimaru scene.
V10-000122-E	0	24.09	M	migrated	ev-y0-0924-lee-replaces-naruto	Kimimaro branch.
V10-000122-F	0	24.09	M	migrated	ev-y0-0924-naruto-continues-pursuit	Transition from Kimimaro branch toward Valley of the End.
V10-000122-G	0	24.09	M	migrated	ev-y0-0924-kankuro-rescues-kiba	Kiba branch.
V10-000122-H	0	24.09	M	migrated	ev-y0-0924-temari-rescues-shikamaru	Shikamaru branch.
V10-000122-I	0	24.09	M	migrated	ev-y0-0924-gaara-joins-kimimaro-fight	Kimimaro branch.
V10-000122-J	0	24.09	M	migrated	ev-y0-0924-kimimaro-dies	Kimimaro branch.
V10-000122-K	0	24.09	M	migrated	ev-y0-0924-naruto-catches-sasuke	Valley of the End.
V10-000122-L	0	24.09	M	migrated	ev-y0-0924-sasuke-explains-choice	Valley of the End.
V10-000122-M	0	24.09	M	migrated	ev-y0-0924-valley-power-escalation	Valley of the End.
V10-000122-N	0	24.09	M	migrated	ev-y0-0924-chidori-rasengan-clash	Valley of the End.
V10-000122-O	0	24.09	M	migrated	ev-y0-0924-sasuke-wins-spares-naruto	Valley of the End.
V10-000123	0	25.09	M	pending		Awaiting scene-level migration; original row preserved verbatim in this staging record and archive snapshot.
V10-000123-B	0	25.09	M	pending		Awaiting scene-level migration; original row preserved verbatim in this staging record and archive snapshot.
V10-000123-C	0	25.09	M	pending		Awaiting scene-level migration; original row preserved verbatim in this staging record and archive snapshot.
V10-000123-D	0	25.09	M	pending		Awaiting scene-level migration; original row preserved verbatim in this staging record and archive snapshot.
V10-000123-E	0	25.09	M	pending		Awaiting scene-level migration; original row preserved verbatim in this staging record and archive snapshot.
V10-000123-F	0	25.09	M	pending		Awaiting scene-level migration; original row preserved verbatim in this staging record and archive snapshot.
V10-000124	0	25.09	M	pending		Awaiting scene-level migration; original row preserved verbatim in this staging record and archive snapshot.
V10-000125	0	26.09	F	pending		Awaiting scene-level migration; original row preserved verbatim in this staging record and archive snapshot.
V10-000126	0	27.09	F	pending		Awaiting scene-level migration; original row preserved verbatim in this staging record and archive snapshot.
V10-000126-B	0	27.09	F	pending		Awaiting scene-level migration; original row preserved verbatim in this staging record and archive snapshot.
V10-000126-C	0	27.09	F	pending		Awaiting scene-level migration; original row preserved verbatim in this staging record and archive snapshot.
V10-000127	0	28.09	F	pending		Awaiting scene-level migration; original row preserved verbatim in this staging record and archive snapshot.
V10-000128	0	29.09	F	pending		Awaiting scene-level migration; original row preserved verbatim in this staging record and archive snapshot.
V10-000129	0	30.09	R	pending		Awaiting scene-level migration; original row preserved verbatim in this staging record and archive snapshot.
V10-000130	0	01.10	F	pending		Awaiting scene-level migration; original row preserved verbatim in this staging record and archive snapshot.
V10-000131	0	02.10	F	pending		Awaiting scene-level migration; original row preserved verbatim in this staging record and archive snapshot.
V10-000132	0	03.10	F	pending		Awaiting scene-level migration; original row preserved verbatim in this staging record and archive snapshot.
V10-000133	0	04.10	F	pending		Awaiting scene-level migration; original row preserved verbatim in this staging record and archive snapshot.
V10-000134	0	05.10	R	pending		Awaiting scene-level migration; original row preserved verbatim in this staging record and archive snapshot.
V10-000135	0	05.10	V	pending		Awaiting scene-level migration; original row preserved verbatim in this staging record and archive snapshot.
V10-000136	0	06.10	F	pending		Awaiting scene-level migration; original row preserved verbatim in this staging record and archive snapshot.
V10-000137	0	07.10	F	pending		Awaiting scene-level migration; original row preserved verbatim in this staging record and archive snapshot.
V10-000138	0	08.10	F	pending		Awaiting scene-level migration; original row preserved verbatim in this staging record and archive snapshot.
V10-000139	0	10.10	F	pending		Awaiting scene-level migration; original row preserved verbatim in this staging record and archive snapshot.
V10-000140	0	10.10	D	pending		Awaiting scene-level migration; original row preserved verbatim in this staging record and archive snapshot.
V10-000141	0	11.10	F	pending		Awaiting scene-level migration; original row preserved verbatim in this staging record and archive snapshot.
V10-000142	0	12.10	F	pending		Awaiting scene-level migration; original row preserved verbatim in this staging record and archive snapshot.
V10-000143	0	12.10	G	pending		Awaiting scene-level migration; original row preserved verbatim in this staging record and archive snapshot.
V10-000144	0	13.10	F	pending		Awaiting scene-level migration; original row preserved verbatim in this staging record and archive snapshot.
V10-000145	0	13.10	G	pending		Awaiting scene-level migration; original row preserved verbatim in this staging record and archive snapshot.
V10-000146	0	14.10	F	pending		Awaiting scene-level migration; original row preserved verbatim in this staging record and archive snapshot.
V10-000147	0	14.10	G	pending		Awaiting scene-level migration; original row preserved verbatim in this staging record and archive snapshot.
V10-000148	0	15.10	F	pending		Awaiting scene-level migration; original row preserved verbatim in this staging record and archive snapshot.
V10-000149	0	17.10	F	pending		Awaiting scene-level migration; original row preserved verbatim in this staging record and archive snapshot.
V10-000150	0	18.10	F	pending		Awaiting scene-level migration; original row preserved verbatim in this staging record and archive snapshot.
V10-000151	0	19.10	F	pending		Awaiting scene-level migration; original row preserved verbatim in this staging record and archive snapshot.
V10-000152	0	20.10	F	pending		Awaiting scene-level migration; original row preserved verbatim in this staging record and archive snapshot.
V10-000153	0	20.10	G	pending		Awaiting scene-level migration; original row preserved verbatim in this staging record and archive snapshot.
V10-000154	0	21.10	F	pending		Awaiting scene-level migration; original row preserved verbatim in this staging record and archive snapshot.
V10-000155	0	21.10	G	pending		Awaiting scene-level migration; original row preserved verbatim in this staging record and archive snapshot.
V10-000156	0	22.10	F	pending		Awaiting scene-level migration; original row preserved verbatim in this staging record and archive snapshot.
V10-000157	0	22.10	G	pending		Awaiting scene-level migration; original row preserved verbatim in this staging record and archive snapshot.
V10-000158	0	23.10	F	pending		Awaiting scene-level migration; original row preserved verbatim in this staging record and archive snapshot.
V10-000159	0	24.10	F	pending		Awaiting scene-level migration; original row preserved verbatim in this staging record and archive snapshot.
V10-000160	0	26.10	F	pending		Awaiting scene-level migration; original row preserved verbatim in this staging record and archive snapshot.
V10-000161	0	27.10	F	pending		Awaiting scene-level migration; original row preserved verbatim in this staging record and archive snapshot.
V10-000162	0	28.10	F	pending		Awaiting scene-level migration; original row preserved verbatim in this staging record and archive snapshot.
V10-000163	0	29.10	F	pending		Awaiting scene-level migration; original row preserved verbatim in this staging record and archive snapshot.
V10-000164	0	30.10	F	pending		Awaiting scene-level migration; original row preserved verbatim in this staging record and archive snapshot.
V10-000165	0	31.10	F	pending		Awaiting scene-level migration; original row preserved verbatim in this staging record and archive snapshot.
V10-000166	0	01.11	F	pending		Awaiting scene-level migration; original row preserved verbatim in this staging record and archive snapshot.
V10-000167	0	01.11	G	pending		Awaiting scene-level migration; original row preserved verbatim in this staging record and archive snapshot.
V10-000168	0	02.11	F	pending		Awaiting scene-level migration; original row preserved verbatim in this staging record and archive snapshot.
V10-000169	0	02.11	G	pending		Awaiting scene-level migration; original row preserved verbatim in this staging record and archive snapshot.
V10-000170	0	03.11	F	pending		Awaiting scene-level migration; original row preserved verbatim in this staging record and archive snapshot.
V10-000171	0	03.11	G	pending		Awaiting scene-level migration; original row preserved verbatim in this staging record and archive snapshot.
V10-000172	0	04.11	F	pending		Awaiting scene-level migration; original row preserved verbatim in this staging record and archive snapshot.
V10-000173	0	05.11	F	pending		Awaiting scene-level migration; original row preserved verbatim in this staging record and archive snapshot.
V10-000174	0	06.11	F	pending		Awaiting scene-level migration; original row preserved verbatim in this staging record and archive snapshot.
V10-000175	0	07.11	F	pending		Awaiting scene-level migration; original row preserved verbatim in this staging record and archive snapshot.
V10-000176	0	08.11	F	pending		Awaiting scene-level migration; original row preserved verbatim in this staging record and archive snapshot.
V10-000177	0	09.11	F	pending		Awaiting scene-level migration; original row preserved verbatim in this staging record and archive snapshot.
V10-000178	0	10.11	F	pending		Awaiting scene-level migration; original row preserved verbatim in this staging record and archive snapshot.
V10-000179	0	10.11	G	pending		Awaiting scene-level migration; original row preserved verbatim in this staging record and archive snapshot.
V10-000180	0	11.11	F	pending		Awaiting scene-level migration; original row preserved verbatim in this staging record and archive snapshot.
V10-000181	0	11.11	G	pending		Awaiting scene-level migration; original row preserved verbatim in this staging record and archive snapshot.
V10-000182	0	12.11	F	pending		Awaiting scene-level migration; original row preserved verbatim in this staging record and archive snapshot.
V10-000183	0	12.11	G	pending		Awaiting scene-level migration; original row preserved verbatim in this staging record and archive snapshot.
V10-000184	0	13.11	F	pending		Awaiting scene-level migration; original row preserved verbatim in this staging record and archive snapshot.
V10-000185	0	14.11	F	pending		Awaiting scene-level migration; original row preserved verbatim in this staging record and archive snapshot.
V10-000186	0	15.11	F	pending		Awaiting scene-level migration; original row preserved verbatim in this staging record and archive snapshot.
V10-000187	0	16.11	F	pending		Awaiting scene-level migration; original row preserved verbatim in this staging record and archive snapshot.
V10-000188	0	17.11	F	pending		Awaiting scene-level migration; original row preserved verbatim in this staging record and archive snapshot.
V10-000189	0	18.11	F	pending		Awaiting scene-level migration; original row preserved verbatim in this staging record and archive snapshot.
V10-000190	0	18.11	V	pending		Awaiting scene-level migration; original row preserved verbatim in this staging record and archive snapshot.
V10-000191	0	19.11	F	pending		Awaiting scene-level migration; original row preserved verbatim in this staging record and archive snapshot.
V10-000192	0	20.11	F	pending		Awaiting scene-level migration; original row preserved verbatim in this staging record and archive snapshot.
V10-000193	0	20.11	G	pending		Awaiting scene-level migration; original row preserved verbatim in this staging record and archive snapshot.
V10-000194	0	21.11	F	pending		Awaiting scene-level migration; original row preserved verbatim in this staging record and archive snapshot.
V10-000195	0	21.11	G	pending		Awaiting scene-level migration; original row preserved verbatim in this staging record and archive snapshot.
V10-000196	0	22.11	F	pending		Awaiting scene-level migration; original row preserved verbatim in this staging record and archive snapshot.
V10-000197	0	22.11	G	pending		Awaiting scene-level migration; original row preserved verbatim in this staging record and archive snapshot.
V10-000198	0	23.11	F	pending		Awaiting scene-level migration; original row preserved verbatim in this staging record and archive snapshot.
V10-000199	0	24.11	F	pending		Awaiting scene-level migration; original row preserved verbatim in this staging record and archive snapshot.
V10-000200	0	25.11	F	pending		Awaiting scene-level migration; original row preserved verbatim in this staging record and archive snapshot.
V10-000201	0	26.11	F	pending		Awaiting scene-level migration; original row preserved verbatim in this staging record and archive snapshot.
V10-000202	0	27.11	F	pending		Awaiting scene-level migration; original row preserved verbatim in this staging record and archive snapshot.
V10-000203	0	28.11	F	pending		Awaiting scene-level migration; original row preserved verbatim in this staging record and archive snapshot.
V10-000204	0	29.11	F	pending		Awaiting scene-level migration; original row preserved verbatim in this staging record and archive snapshot.
V10-000205	0	30.11	F	pending		Awaiting scene-level migration; original row preserved verbatim in this staging record and archive snapshot.
V10-000206	0	01.12	F	pending		Awaiting scene-level migration; original row preserved verbatim in this staging record and archive snapshot.
V10-000207	0	01.12	G	pending		Awaiting scene-level migration; original row preserved verbatim in this staging record and archive snapshot.
V10-000208	0	02.12	F	pending		Awaiting scene-level migration; original row preserved verbatim in this staging record and archive snapshot.
V10-000209	0	02.12	G	pending		Awaiting scene-level migration; original row preserved verbatim in this staging record and archive snapshot.
V10-000210	0	03.12	F	pending		Awaiting scene-level migration; original row preserved verbatim in this staging record and archive snapshot.
V10-000211	0	03.12	G	pending		Awaiting scene-level migration; original row preserved verbatim in this staging record and archive snapshot.
V10-000212	0	04.12	F	pending		Awaiting scene-level migration; original row preserved verbatim in this staging record and archive snapshot.
V10-000213	0	05.12	F	pending		Awaiting scene-level migration; original row preserved verbatim in this staging record and archive snapshot.
V10-000214	0	07.12	F	pending		Awaiting scene-level migration; original row preserved verbatim in this staging record and archive snapshot.
V10-000215	0	08.12	F	pending		Awaiting scene-level migration; original row preserved verbatim in this staging record and archive snapshot.
V10-000216	0	09.12	F	pending		Awaiting scene-level migration; original row preserved verbatim in this staging record and archive snapshot.
V10-000217	0	10.12	F	pending		Awaiting scene-level migration; original row preserved verbatim in this staging record and archive snapshot.
V10-000218	0	11.12	F	pending		Awaiting scene-level migration; original row preserved verbatim in this staging record and archive snapshot.
V10-000219	0	12.12	F	pending		Awaiting scene-level migration; original row preserved verbatim in this staging record and archive snapshot.
V10-000220	0	13.12	F	pending		Awaiting scene-level migration; original row preserved verbatim in this staging record and archive snapshot.
V10-000221	0	14.12	F	pending		Awaiting scene-level migration; original row preserved verbatim in this staging record and archive snapshot.
V10-000222	0	16.12	M	pending		Awaiting scene-level migration; original row preserved verbatim in this staging record and archive snapshot.
V10-000222-B	0	16.12	M	pending		Awaiting scene-level migration; original row preserved verbatim in this staging record and archive snapshot.
V10-000222-C	0	16.12	M	pending		Awaiting scene-level migration; original row preserved verbatim in this staging record and archive snapshot.
V10-000222-D	0	16.12	M	pending		Awaiting scene-level migration; original row preserved verbatim in this staging record and archive snapshot.
V10-000222-E	0	16.12	M	pending		Awaiting scene-level migration; original row preserved verbatim in this staging record and archive snapshot.
V10-000222-F	0	16.12	M	pending		Awaiting scene-level migration; original row preserved verbatim in this staging record and archive snapshot.
V10-000222-G	0	16.12	M	pending		Awaiting scene-level migration; original row preserved verbatim in this staging record and archive snapshot.
V10-000222-H	0	16.12	M	pending		Awaiting scene-level migration; original row preserved verbatim in this staging record and archive snapshot.
V10-000222-I	0	16.12	M	pending		Awaiting scene-level migration; original row preserved verbatim in this staging record and archive snapshot.
V10-000223	0	17.12	R	pending		Awaiting scene-level migration; original row preserved verbatim in this staging record and archive snapshot.
V10-000224	0	18.12	R	pending		Awaiting scene-level migration; original row preserved verbatim in this staging record and archive snapshot.
